State Name,Temperature ⁰C,pH,Conductivity (μmhos/cm),Nitrate N (mg/L),Faecal Coliform (MPN/100ml),Total Coliform (MPN/100ml),Total Dissolved Solids (mg/L),Fluoride (mg/L)
ANDHRA PRADESH,29.5,7.35,1160.5,8.82,3.0,69.5,782.0,0.6
ANDHRA PRADESH,29.5,7.75,925.5,4.42,3.5,69.5,623.0,1.05
ANDHRA PRADESH,28.0,7.75,1135.0,2.24,4.5,84.0,764.0,0.4
ANDHRA PRADESH,26.0,7.05,3800.0,23.25,5.5,93.0,2576.0,0.95
ANDHRA PRADESH,26.0,8.0,3300.0,24.62,3.5,78.0,2242.0,0.45
ANDHRA PRADESH,25.5,7.65,2040.5,4.04,3.0,24.5,1214.0,0.7
ANDHRA PRADESH,26.0,7.95,1071.0,2.82,5.5,81.5,711.0,0.9
ANDHRA PRADESH,26.0,7.5,11270.0,8.8,8.0,135.0,7654.0,0.5
ANDHRA PRADESH,27.0,7.0,2411.5,6.85,3.0,11.5,1332.5,0.95
ANDHRA PRADESH,27.0,7.05,3669.0,10.9,4.0,17.5,2006.0,1.0
ANDHRA PRADESH,27.0,8.1,1908.0,1.55,3.0,17.5,1164.0,0.85
ANDHRA PRADESH,28.5,7.2,2306.5,6.0,3.0,9.0,1211.0,0.5
ANDHRA PRADESH,25.0,7.25,7194.5,6.0,2.0,8.0,4240.5,1.05
ANDHRA PRADESH,28.0,7.6,1048.0,3.22,3.0,93.0,680.0,0.7
,25.998928571428568,7.274838411819021,1407.0221579961465,2.404896480331263,68.59203980099502,107.90382244143034,922.0459710743802,0.4956299659477866
ANDHRA PRADESH,24.0,7.1,1140.0,8.0,4.0,93.0,746.0,0.8
ANDHRA PRADESH,22.5,7.25,9795.0,6.3,3.0,25.5,6117.0,1.55
ANDHRA PRADESH,25.0,7.45,1923.5,0.5,3.0,30.0,1140.0,0.3
ANDHRA PRADESH,25.0,7.3,878.5,0.94,5.5,84.0,600.0,0.65
ANDHRA PRADESH,27.0,7.2,1397.0,2.0,2.5,7.0,749.0,0.85
ANDHRA PRADESH,28.5,7.3,1146.5,2.3,2.0,6.5,612.0,0.45
ANDHRA PRADESH,24.5,7.85,5091.5,8.4,2.5,15.5,2969.0,1.55
ANDHRA PRADESH,20.5,8.1,1090.0,1.14,3.0,18.0,644.0,0.45
ANDHRA PRADESH,25.0,7.55,1930.0,0.45,3.0,21.5,1135.0,0.35
ANDHRA PRADESH,26.0,7.35,3855.0,3.14,3.0,20.5,2329.0,0.9
ANDHRA PRADESH,22.0,7.3,879.5,0.9,3.0,14.5,529.0,0.55
ANDHRA PRADESH,21.5,7.6,4515.0,3.68,3.0,28.0,2815.0,0.5
ANDHRA PRADESH,24.5,7.35,3081.0,11.75,5.5,36.5,1687.0,0.9
ANDHRA PRADESH,27.0,7.15,1796.5,10.65,3.5,75.0,1216.0,0.4
ANDHRA PRADESH,27.5,7.55,2180.0,7.35,4.0,84.0,1502.0,1.2
ANDHRA PRADESH,28.5,7.5,1221.0,2.84,4.0,75.0,816.0,0.65
ANDHRA PRADESH,26.5,7.15,2278.5,6.95,7.0,106.5,1554.0,0.8
ANDHRA PRADESH,27.5,7.65,1155.0,2.18,6.0,75.0,786.0,0.65
ANDHRA PRADESH,25.0,7.55,1878.5,1.3,3.0,21.5,1128.0,0.55
ASSAM,25.5,7.1,277.0,0.75,2.0,2.0,190.0,0.3
ASSAM,30.5,7.45,316.5,0.8,2.0,2.0,176.0,0.3
ASSAM,28.0,7.4,378.0,0.85,2.0,2.0,210.0,0.3
ASSAM,25.0,6.95,330.0,1.25,2.0,2.0,201.0,0.25
ASSAM,25.0,7.2,308.0,0.8,2.0,2.0,176.0,0.3
ASSAM,28.0,7.45,404.5,0.9,2.0,2.0,221.0,0.3
ASSAM,25.5,7.05,286.0,0.75,2.0,2.0,163.0,0.3
ASSAM,27.5,7.8,353.0,0.9,2.0,2.0,197.0,0.35
ASSAM,23.0,7.1,243.5,0.85,2.0,2.0,142.0,0.3
ASSAM,26.0,7.7,315.0,0.9,2.0,2.0,178.0,0.3
ASSAM,25.5,7.25,264.0,0.9,2.0,2.0,146.0,0.3
ASSAM,24.0,7.4,253.5,1.0,2.0,2.0,144.0,0.3
ASSAM,28.5,7.6,316.5,0.8,2.0,2.0,175.0,0.3
ASSAM,27.0,7.55,323.0,0.85,2.0,2.0,183.0,0.3
ASSAM,28.0,7.7,260.0,0.8,2.0,2.0,148.0,0.3
ASSAM,27.0,7.8,367.5,0.8,2.0,2.0,203.0,0.3
ASSAM,24.0,7.35,257.5,0.85,2.0,2.0,147.0,0.3
ASSAM,35.5,7.35,332.0,0.95,2.0,2.0,186.0,0.25
ASSAM,26.0,7.0,312.0,0.9,2.0,2.0,180.0,0.3
ASSAM,23.0,7.45,325.5,0.85,2.0,2.0,183.0,0.3
ASSAM,24.0,7.1,251.5,0.85,2.0,2.0,144.0,0.3
ASSAM,27.0,7.4,341.0,0.95,2.0,2.0,188.0,0.3
ASSAM,25.0,7.35,266.0,1.0,2.0,2.0,151.0,0.3
ASSAM,27.5,7.25,320.5,0.7,2.0,2.0,178.0,0.35
ASSAM,23.0,7.1,250.0,0.7,2.0,2.0,146.0,0.3
ASSAM,23.0,7.3,277.0,0.85,2.0,2.0,158.0,0.3
ASSAM,28.0,7.3,314.5,0.8,2.0,2.0,178.0,0.3
ASSAM,30.5,7.6,361.5,0.9,2.0,2.0,202.0,0.3
ASSAM,30.0,7.75,249.5,0.65,2.0,2.0,143.0,0.4
ASSAM,23.5,7.15,225.0,0.8,2.0,2.0,131.0,0.3
ASSAM,24.0,7.1,325.0,0.9,2.0,2.0,179.0,0.3
ASSAM,25.0,7.3,206.5,0.85,2.0,2.0,122.0,0.3
ASSAM,26.0,7.5,307.0,0.7,2.0,2.0,172.0,0.3
ASSAM,24.5,7.25,237.0,0.85,2.0,2.0,136.0,0.3
ASSAM,24.5,7.05,331.0,0.75,2.0,2.0,182.0,0.3
ASSAM,27.0,7.65,329.0,1.0,2.0,2.0,185.0,0.3
ASSAM,28.0,7.25,313.0,0.75,2.0,2.0,175.0,0.3
ASSAM,19.5,7.65,276.5,0.9,2.0,2.0,156.0,0.45
ASSAM,26.5,6.9,301.0,0.8,2.0,2.0,169.0,0.3
ASSAM,28.5,7.2,361.5,0.8,2.0,2.0,200.0,0.3
ASSAM,28.0,7.1,314.0,0.7,2.0,2.0,174.0,0.3
ASSAM,26.0,7.2,328.0,0.8,2.0,2.0,186.0,0.3
ASSAM,24.5,7.4,262.0,0.95,2.0,2.0,152.0,0.3
ASSAM,27.5,7.4,320.0,0.75,2.0,2.0,178.0,0.3
ASSAM,22.0,7.1,247.0,0.8,2.9,5.1,144.0,0.3
ASSAM,22.0,7.3,260.0,0.7,2.9,4.5,150.0,0.3
ASSAM,24.0,7.4,195.0,0.9,2.0,2.0,114.0,0.3
ASSAM,25.5,7.2,229.0,0.95,2.0,2.0,132.5,0.3
ASSAM,27.0,7.9,412.0,0.9,2.0,2.0,230.0,0.3
ASSAM,23.5,7.25,270.0,0.8,2.0,2.0,156.0,0.3
ASSAM,24.0,7.15,263.0,0.7,2.0,2.0,150.0,0.3
ASSAM,31.5,7.5,305.0,0.8,2.0,2.0,170.0,0.45
ASSAM,29.5,7.4,340.0,0.95,2.0,2.0,188.0,0.3
ASSAM,26.0,6.85,235.5,0.75,2.0,2.0,135.0,0.3
ASSAM,22.0,7.2,205.0,0.8,243.2,593.6,120.0,0.3
ASSAM,28.0,7.95,391.0,1.25,2.0,2.0,216.0,0.5
ASSAM,25.5,7.2,286.5,0.75,2.0,2.0,163.0,0.3
ASSAM,26.0,7.4,265.0,0.9,2.9,4.5,154.0,0.3
ASSAM,20.0,7.5,91.0,0.6,2.0,2.0,62.0,0.3
ASSAM,26.0,7.5,367.0,0.8,2.0,2.0,204.0,0.3
ASSAM,27.5,6.9,351.5,0.9,2.0,2.0,206.0,0.3
ASSAM,26.5,7.3,391.0,0.9,2.0,2.0,214.0,0.25
BIHAR,24.0,7.3,927.0,2.79,8.6,14.9,594.0,0.2
BIHAR,25.5,7.55,460.5,1.96,811.5,811.5,291.0,0.25
BIHAR,24.5,7.4,444.0,1.91,7011.5,7019.9,291.0,0.25
BIHAR,26.5,7.5,459.5,1.56,462.5,464.5,310.0,0.25
BIHAR,28.0,7.45,488.0,1.58,7.0,12.5,313.0,0.3
BIHAR,24.0,7.5,641.0,2.58,7.0,16.0,416.0,0.2
BIHAR,26.0,7.0,1160.0,0.34,9.0,16.0,742.0,0.3
BIHAR,28.0,7.6,296.0,2.39,10.9,13.0,192.0,0.2
BIHAR,24.5,7.35,748.0,3.38,350.0,920.0,482.0,0.3
BIHAR,25.0,7.6,345.0,0.3,3.0,3.0,218.0,0.2
BIHAR,21.0,7.45,830.5,1.89,23.0,33.0,509.0,0.25
BIHAR,21.0,7.7,828.0,0.3,23.0,23.0,544.0,0.2
BIHAR,25.0,7.2,968.0,0.39,23.0,23.0,636.0,0.2
BIHAR,22.0,7.9,383.0,0.3,23.0,23.0,250.0,0.2
BIHAR,20.0,7.7,785.0,4.82,23.0,23.0,524.0,0.3
BIHAR,20.0,7.4,238.0,1.12,23.0,23.0,156.0,0.2
BIHAR,26.0,7.9,435.5,0.61,35000.0,35000.0,292.0,0.25
BIHAR,20.0,7.0,877.0,0.3,3.3,21.3,574.0,0.2
BIHAR,22.0,7.3,392.5,1.2,23.0,23.0,252.0,0.25
BIHAR,25.5,7.85,965.0,2.1,33.0,49.0,629.0,0.25
BIHAR,22.0,7.9,571.0,0.36,23.0,23.0,378.0,0.2
BIHAR,24.0,7.2,774.0,1.37,24.8,72.2,500.0,0.2
BIHAR,23.0,7.8,1040.0,0.98,23.0,23.0,732.0,0.3
BIHAR,24.0,7.9,232.0,0.3,23.0,23.0,154.0,0.2
BIHAR,21.0,7.2,1280.0,2.57,23.0,23.0,908.0,0.2
BIHAR,22.0,7.5,1110.0,4.37,23.0,23.0,780.0,0.2
BIHAR,24.0,7.4,935.0,0.3,23.0,23.0,612.0,0.2
BIHAR,25.0,7.9,269.0,0.3,23.0,23.0,172.0,0.2
BIHAR,25.5,7.9,900.5,3.96,23.0,23.0,585.0,0.25
BIHAR,22.0,7.75,827.5,1.25,177.5,273.5,551.0,0.25
BIHAR,22.0,6.85,1380.0,1.35,7.0,9.0,911.0,0.3
BIHAR,26.0,7.0,713.0,1.84,2.4,5.2,467.0,0.25
BIHAR,20.0,7.6,299.0,0.3,23.0,23.0,194.0,0.2
BIHAR,24.5,7.8,292.5,3.0,23.0,23.0,193.0,0.2
BIHAR,24.0,7.3,448.0,0.3,23.0,23.0,292.0,0.2
BIHAR,22.0,6.9,1245.0,0.3,16.0,76.5,810.0,0.25
BIHAR,26.0,7.75,741.0,3.15,72.6,187.9,491.0,0.2
BIHAR,26.5,7.6,455.5,1.8,12.5,12.5,304.0,0.25
BIHAR,20.0,7.1,1030.0,0.3,12.0,23.0,678.0,0.2
BIHAR,22.5,7.05,1313.5,2.56,23.0,23.0,865.0,0.2
BIHAR,23.0,7.1,583.0,5.53,23.0,23.0,374.0,0.2
BIHAR,26.0,7.4,914.0,1.82,14.0,14.0,599.0,0.2
BIHAR,26.5,7.05,571.5,1.52,10.4,10.4,370.0,0.2
BIHAR,28.0,7.1,1620.0,1.62,23.0,23.0,1018.0,0.2
BIHAR,25.5,7.7,447.5,2.68,19.5,69.9,287.0,0.2
BIHAR,21.0,7.15,501.5,1.05,23.0,23.0,330.0,0.25
BIHAR,28.5,7.4,511.0,2.28,5.0,6.0,377.0,0.25
BIHAR,25.0,7.65,797.0,2.38,23.0,23.0,518.0,0.2
BIHAR,20.0,8.1,352.0,0.3,7.0,7.0,228.0,0.2
BIHAR,23.0,7.65,359.0,1.1,23.0,49.0,240.0,0.25
BIHAR,24.5,7.1,1155.5,3.78,23.0,23.0,769.0,0.25
BIHAR,27.0,7.2,1170.0,5.3,23.0,23.0,758.0,0.2
BIHAR,22.0,7.1,1330.0,2.85,23.0,23.0,898.0,0.2
BIHAR,24.0,7.65,323.0,1.49,51.0,51.0,213.0,0.25
BIHAR,21.0,7.2,257.0,0.3,8.0,11.8,172.0,0.2
BIHAR,26.5,7.3,629.0,3.32,27.0,27.0,413.0,0.2
BIHAR,26.0,7.95,641.5,2.51,5.0,7.0,428.0,0.2
BIHAR,27.0,7.55,668.5,2.1,23.0,23.0,435.0,0.25
BIHAR,27.0,7.55,783.5,2.58,23.0,12.5,266.0,0.2
BIHAR,25.0,7.3,486.0,1.14,23.0,23.0,326.0,0.2
BIHAR,21.0,7.1,1440.0,2.59,17.4,54.1,1002.0,0.2
BIHAR,25.0,7.8,944.0,5.34,23.0,23.0,648.0,0.2
BIHAR,24.0,8.2,312.0,0.3,12.0,23.0,202.0,0.2
BIHAR,21.0,8.7,480.0,5.12,6.2,9.2,322.0,0.2
BIHAR,24.0,7.0,1120.0,0.75,23.0,23.0,732.0,0.2
BIHAR,22.0,6.95,818.0,1.67,42.7,63.0,550.0,0.2
BIHAR,24.0,7.8,2080.0,5.69,5.0,9.0,1476.0,0.2
BIHAR,21.0,7.9,241.0,0.3,23.0,23.0,160.0,0.2
BIHAR,20.0,7.9,735.0,0.88,7.0,9.0,482.0,0.2
CHANDIGARH,25.65,7.15,759.0,6.65,2.0,37.0,454.0,0.5
CHANDIGARH,25.65,7.15,804.0,3.55,2.0,56.0,497.0,0.2
CHANDIGARH,25.7,7.3,902.5,3.0,3.5,49.0,500.0,0.3
CHANDIGARH,25.65,7.25,527.5,5.65,2.0,37.5,343.0,0.2
CHANDIGARH,25.55,7.05,712.5,3.25,2.0,25.0,425.0,0.45
CHANDIGARH,25.4,7.0,846.0,3.6,2.0,50.5,442.0,0.25
CHANDIGARH,25.8,7.15,621.5,2.35,2.0,28.5,358.0,0.9
CHHATTISGARH,26.2,7.2,2302.0,1.05,2.0,2.0,164.0,0.27999999999999997
CHHATTISGARH,26.05,7.15,25477.0,0.74,2.0,2.0,270.5,0.72
CHHATTISGARH,26.2,6.9,4898.0,0.64,2.0,2.0,249.0,0.72
CHHATTISGARH,27.4,7.5,378.0,0.3,50.8,224.4,310.0,0.35
CHHATTISGARH,27.3,7.4,348.0,0.3,2.0,2.0,248.0,0.32999999999999996
CHHATTISGARH,28.0,7.4,256.0,1.246,3.8,7.6,191.0,0.22000000000000003
CHHATTISGARH,25.0,7.35,258.5,3.1559999999999997,3.8,7.6,191.5,0.22000000000000003
CHHATTISGARH,25.0,7.35,520.7,0.6,2.0,2.0,150.0,0.41
"DAMAN AND DIU, DADRA AND
NAGAR HAVELI",28.2,7.15,440.0,3.72,22.5,50.0,286.5,0.2
"DAMAN AND DIU,
DADRA AND NAGAR HAVELI",28.2,6.9,824.5,3.78,2.0,6.0,580.0,0.35
"DAMAN AND DIU,
DADRA AND NAGAR HAVELI",28.4,7.2,583.0,0.32,2.0,7.0,387.0,0.85
"DAMAN AND DIU, DADRA AND
NAGAR HAVELI",28.75,7.05,1222.0,1.72,2.0,7.0,806.5,0.35
"DAMAN AND DIU, DADRA AND
NAGAR HAVELI",27.9,7.25,746.0,1.98,2.0,6.5,480.0,0.6
"DAMAN AND DIU, DADRA AND
NAGAR HAVELI",27.25,7.2,400.0,1.08,2.0,6.0,300.0,0.5
"DAMAN AND DIU, DADRA AND
NAGAR HAVELI",28.95,7.25,446.0,3.6,10.0,24.5,289.0,0.2
"DAMAN AND DIU, DADRA AND
NAGAR HAVELI",29.25,6.85,489.0,2.4,8.5,11.0,329.5,0.35
"DAMAN AND DIU,
DADRA AND NAGAR HAVELI",27.6,7.15,2856.0,4.92,2.0,4.0,1924.0,0.75
"DAMAN AND DIU, DADRA AND
NAGAR HAVELI",28.6,7.6,2092.5,1.76,2.0,7.0,1304.5,0.4
"DAMAN AND DIU, DADRA AND
NAGAR HAVELI",27.3,7.25,3108.5,2.05,2.0,9.0,2159.5,0.3
DELHI,22.4,7.4,333.9,0.3,5.0,9.2,669.0,0.49000000000000005
DELHI,25.4,7.5,638.5,0.48,2.0,2.0,675.0,0.5
DELHI,26.4,7.1,450.3,0.76,2.0,2.0,461.0,1.0699999999999998
DELHI,22.4,7.4,333.9,0.3,5.0,9.2,346.0,0.49000000000000005
DELHI,22.1,6.7,361.7,0.47,2.0,2.0,288.0,0.31
DELHI,20.6,7.2,250.3,0.3,5.0,9.2,559.0,0.33
DELHI,20.9,6.7,345.6,0.3,2.0,2.0,577.0,0.31
DELHI,22.6,7.3,461.5,0.76,2.0,2.0,590.0,0.43
DELHI,22.2,7.0,390.8,0.4,5.0,9.2,679.0,0.26999999999999996
DELHI,19.9,6.9,183.8,0.3,2.0,2.0,496.0,0.3
DELHI,22.2,7.0,390.8,0.3,2.9,4.5,383.0,0.26999999999999996
DELHI,24.2,7.2,392.1,0.86,2.0,2.0,375.0,0.47000000000000003
DELHI,21.6,6.9,265.1,0.57,2.0,2.0,441.0,1.3199999999999998
DELHI,23.4,7.2,621.7,0.5,5.0,9.2,536.0,0.32999999999999996
DELHI,19.9,6.9,183.8,0.3,2.0,2.0,358.0,0.3
DELHI,21.5,6.9,199.0,0.36,2.0,2.0,807.0,1.3199999999999998
DELHI,20.6,7.3,278.4,0.5,5.0,9.2,698.0,0.32999999999999996
DELHI,20.6,7.3,250.3,0.3,5.0,9.2,480.0,0.33
DELHI,22.9,7.0,306.5,0.69,2.0,2.0,768.0,1.39
DELHI,21.6,6.9,265.1,0.56,2.0,2.0,450.0,1.3199999999999998
DELHI,22.0,7.3,373.5,1.01,2.0,2.0,838.0,0.32999999999999996
DELHI,27.3,7.15,2437.0,1.15,2.0,2.0,1424.0,0.4
DELHI,22.3,7.1,371.9,0.3,5.0,9.2,1080.0,0.25999999999999995
DELHI,22.2,7.0,390.8,0.3,2.9,4.5,394.0,0.26999999999999996
DELHI,20.6,7.3,250.3,0.3,5.0,9.2,1115.0,0.33
DELHI,22.8,7.4,627.2,1.5,2.0,2.0,1110.0,4.65
DELHI,22.3,7.1,371.9,0.3,5.0,9.2,1970.0,0.25999999999999995
DELHI,26.7,7.7,673.3,0.34,2.0,2.0,312.0,0.53
DELHI,22.2,7.0,390.8,0.3,2.9,4.5,485.0,0.27
DELHI,25.4,7.5,638.5,0.57,2.0,2.0,2850.0,0.53
DELHI,25.119999999999997,7.0,1677.5,1.03,6.2,6.2,1144.2,0.31
DELHI,20.6,7.2,250.3,0.36,5.0,11.6,397.0,0.32999999999999996
DELHI,20.6,7.3,309.8,1.5,2.0,2.0,367.0,4.6
DELHI,22.4,7.4,333.9,0.3,5.0,9.2,500.0,0.49000000000000005
DELHI,24.6,6.3,266.0,0.68,2.0,2.0,337.0,0.37999999999999995
DELHI,22.0,7.3,373.5,0.99,2.0,2.0,1930.0,0.33
DELHI,22.6,7.4,389.0,0.53,2.9,4.5,896.0,0.34
DELHI,21.8,6.9,234.4,0.49,2.0,2.0,689.0,1.3199999999999998
DELHI,24.3,7.1,571.6,0.87,2.0,2.0,2870.0,1.01
DELHI,20.6,7.2,250.3,0.36,5.0,9.2,642.0,0.33
DELHI,22.2,7.0,390.8,0.3,2.9,4.5,540.0,0.26999999999999996
DELHI,22.7,7.1,478.6,0.98,2.0,2.0,361.0,0.35
DELHI,26.7,7.7,673.3,0.41,2.0,2.0,311.0,0.53
DELHI,20.6,7.2,250.3,0.3,5.0,9.2,409.0,0.33
DELHI,20.7,6.8,265.1,0.3,2.0,2.0,730.0,0.26
GOA,29.0,7.1,118.0,0.5,2.0,2.0,77.0,0.2
GOA,28.0,7.9,101.0,0.5,2.0,2.0,64.0,0.2
GOA,29.0,5.0,91.0,0.3,2.0,2.0,54.0,0.2
GOA,28.0,5.6,122.0,0.3,2.0,2.0,77.0,0.2
GOA,28.0,6.9,314.0,0.3,2.0,5.0,163.0,0.4
GOA,29.0,7.1,258.0,0.3,2.0,2.0,144.0,0.4
GOA,30.0,6.3,378.0,2.5,2.0,2.0,234.0,0.2
GUJARAT,27.0,7.7,2679.0,0.39,2.0,2.0,1378.0,0.45
GUJARAT,30.5,8.15,3212.5,0.3,2.0,2.0,1956.0,0.5
GUJARAT,28.0,8.05,1190.5,0.3,2.0,2.0,758.0,0.5
GUJARAT,29.5,8.4,1218.5,1.03,2.0,2.0,785.0,0.65
GUJARAT,28.0,7.2,1206.0,1.1,6.2,6.2,1032.0,0.2
GUJARAT,31.5,7.8,2813.0,0.3,2.0,2.0,1825.0,0.9
GUJARAT,29.0,8.2,2324.0,1.5,2.0,2.0,1390.0,1.0
GUJARAT,28.0,7.95,917.0,0.32,2.0,2.0,595.0,0.9
GUJARAT,32.0,8.15,2368.0,0.35,2.0,2.0,1441.0,0.4
GUJARAT,30.0,8.45,1330.5,0.55,2.0,2.0,809.0,0.3
GUJARAT,27.5,7.5,2980.0,0.6,2.0,2.0,1696.0,0.95
GUJARAT,30.5,7.7,8235.5,0.45,2.0,2.0,5015.0,0.6
GUJARAT,29.0,7.1,2164.0,0.5,2.0,2.0,1276.0,0.7
GUJARAT,31.5,7.9,5532.5,0.45,2.0,2.0,3191.0,0.75
GUJARAT,32.0,7.7,5751.5,0.3,2.0,2.0,3241.0,0.45
GUJARAT,30.0,7.35,1451.5,1.29,2.0,2.0,1210.0,0.25
GUJARAT,29.5,7.8,3819.5,0.5,2.0,2.0,2325.0,0.5
GUJARAT,29.5,8.15,1991.0,0.35,2.0,2.0,1212.0,0.35
GUJARAT,26.0,7.8,2172.0,0.55,2.0,2.0,1097.0,0.4
GUJARAT,29.0,7.95,2091.5,0.3,2.0,2.0,1229.0,0.75
GUJARAT,28.5,7.95,2286.0,0.32,2.0,2.0,1108.0,0.75
GUJARAT,28.5,7.85,2208.0,0.34,2.0,2.0,1259.0,0.65
,25.998928571428568,7.274838411819021,1407.0221579961465,2.404896480331263,68.59203980099502,107.90382244143034,922.0459710743802,0.4956299659477866
GUJARAT,27.0,7.7,3648.0,0.75,2.0,2.0,2142.0,1.35
GUJARAT,28.5,7.25,3368.0,0.3,2.0,2.0,2061.0,0.4
GUJARAT,28.5,7.8,2781.5,0.34,2.0,2.0,1444.0,0.8
GUJARAT,28.5,8.05,2412.0,0.6,2.0,2.0,1272.0,0.9
GUJARAT,29.5,8.05,10218.0,1.21,2.0,2.0,7100.0,1.5
GUJARAT,27.0,7.4,1526.0,1.3,26.7,132.0,1088.0,0.3
GUJARAT,28.5,7.6,905.5,0.35,2.0,2.0,496.0,0.2
GUJARAT,29.0,7.7,2091.0,0.3,2.0,2.0,1140.0,0.8
GUJARAT,29.5,7.9,5119.5,0.3,2.0,2.0,3325.0,0.9
GUJARAT,26.0,7.45,3362.0,0.32,2.0,2.0,1873.0,0.25
GUJARAT,32.0,8.1,2122.5,0.4,2.0,2.0,1292.0,0.45
GUJARAT,29.0,7.75,1962.0,0.4,2.0,2.0,1125.0,0.6
GUJARAT,29.5,7.5,3174.5,1.34,2.0,2.0,2429.0,0.5
GUJARAT,28.0,7.4,5225.0,0.3,2.0,2.0,3008.0,0.8
GUJARAT,29.5,8.0,3130.5,0.44,2.0,2.0,2081.0,0.85
GUJARAT,31.0,7.55,2727.5,1.16,2.0,2.0,1608.0,0.85
GUJARAT,31.0,8.2,2530.0,0.3,2.0,2.0,1538.0,0.6
GUJARAT,31.0,7.7,3913.5,0.5,2.0,2.0,2172.0,0.65
GUJARAT,28.5,7.75,1972.5,1.1,2.0,2.0,1156.0,0.8
GUJARAT,26.0,7.8,3278.5,0.3,2.0,2.0,1416.0,0.2
GUJARAT,25.5,7.05,6352.5,0.3,2.0,2.0,3534.0,0.2
GUJARAT,26.0,7.7,2520.5,0.32,2.0,2.0,1400.0,0.2
GUJARAT,29.0,7.55,736.0,0.3,2.0,2.0,469.0,0.3
GUJARAT,27.5,7.95,2508.0,0.56,2.0,2.0,1264.0,0.55
GUJARAT,28.5,7.75,974.0,0.88,2.0,2.0,493.0,0.95
GUJARAT,28.0,8.0,1802.0,0.45,2.0,2.0,1159.0,1.2
GUJARAT,28.0,8.2,2749.5,0.45,2.0,2.0,1466.0,1.35
GUJARAT,30.0,7.55,3060.0,0.3,2.0,2.0,2365.0,0.65
GUJARAT,28.0,8.2,1275.5,0.55,2.0,2.0,680.0,1.15
GUJARAT,28.0,8.1,1205.0,0.92,2.0,2.0,765.0,0.85
GUJARAT,25.5,7.8,1039.5,0.61,2.0,2.0,585.0,0.5
GUJARAT,26.0,7.1,1620.5,0.3,2.0,2.0,803.0,0.25
GUJARAT,28.5,7.35,1021.5,1.14,2.0,2.0,754.0,0.2
GUJARAT,29.0,7.8,3267.0,0.56,2.0,2.0,1533.0,0.6
GUJARAT,31.0,8.0,1637.5,1.28,2.0,2.0,1272.0,1.05
GUJARAT,31.0,7.4,1319.0,1.5,2.0,2.0,929.0,0.85
GUJARAT,28.0,7.3,786.0,1.1,2.0,2.0,620.0,0.2
GUJARAT,27.5,7.85,1693.5,1.35,2.0,2.0,934.0,0.95
GUJARAT,28.0,7.6,3079.0,1.2,17.4,143.2,2501.0,0.2
GUJARAT,26.0,7.45,619.0,0.35,2.0,2.0,345.0,0.25
GUJARAT,30.0,8.0,1303.5,0.4,2.0,2.0,758.0,0.6
GUJARAT,30.5,7.85,2847.5,0.6,2.0,2.0,1735.0,0.6
GUJARAT,29.0,8.0,1832.0,0.38,2.0,2.0,1012.0,1.0
GUJARAT,29.0,7.6,991.5,0.34,2.0,2.0,553.0,0.35
GUJARAT,29.0,7.75,5149.0,0.74,2.0,2.0,3345.0,0.9
GUJARAT,27.0,7.95,752.0,0.35,2.0,2.0,428.0,0.25
GUJARAT,30.0,7.65,1770.0,0.3,2.0,2.0,855.0,0.6
GUJARAT,29.0,8.15,1523.0,0.3,2.0,2.0,770.0,0.75
GUJARAT,33.0,8.5,2704.0,0.4,2.0,2.0,1648.0,0.4
GUJARAT,29.0,7.2,6747.0,0.3,2.0,2.0,4276.0,0.4
GUJARAT,30.0,7.9,1370.0,0.3,2.0,2.0,868.0,0.95
GUJARAT,29.0,7.6,13950.0,0.45,2.0,2.0,8495.0,0.4
GUJARAT,29.5,7.95,1666.5,0.5,2.0,2.0,1014.0,0.2
GUJARAT,25.5,7.5,948.5,0.62,2.0,2.0,560.0,0.9
GUJARAT,25.5,7.6,1163.0,0.69,2.0,2.0,661.0,0.75
HARYANA,5.2,7.4,2570.0,2.95,3200.0,4215.0,1412.0,2.1
HARYANA,26.6,8.3,973.0,0.3,2.0,20.0,530.0,2.0
HARYANA,33.1,7.4,1590.0,1.5239999999999998,160.0,2100.0,748.0,0.32999999999999996
HARYANA,18.0,7.25,897.0,0.596,2.0,2.0,495.0,0.2
HARYANA,21.1,7.8,557.0,1.0,490.0,3500.0,349.0,0.3
HARYANA,23.7,8.15,965.0,3.768,3.2,3.6,580.0,0.6599999999999999
HARYANA,26.22,8.05,1445.0,1.668,2.0,9.1,868.0,0.5900000000000001
HARYANA,26.860000000000003,8.5,1156.0,0.3,2.0,30.0,328.0,0.7
HARYANA,28.04,8.3,1788.0,0.3,3.2,20.0,978.0,0.72
HARYANA,25.52,7.2,4510.0,0.3,12.7,33.2,2480.0,0.7
HARYANA,29.2,7.7,5740.0,0.3,2.1,3.4,3160.0,1.2
HARYANA,26.7,7.35,3665.0,0.3,2.4,5.1,2020.0,0.75
HARYANA,28.830000000000002,8.3,1160.0,0.3,2.0,10.0,630.0,0.7
HARYANA,27.2,8.1,1655.0,0.3,3.2,20.0,904.0,0.7
HARYANA,27.68,8.3,1291.0,0.3,2.0,20.0,710.0,0.7
HARYANA,26.9,7.45,2565.0,4.908,2.0,2.0,1410.0,0.4
HARYANA,23.4,7.65,947.0,3.7000000000000006,3.2,7.2,548.5,0.7699999999999999
HARYANA,27.6,7.9,1195.0,3.216,2.0,23.4,724.0,0.43
HIMACHAL PRADESH,22.25,7.35,395.0,0.42,2.0,33.0,257.0,0.2
"HIMACHAL
PRADESH",25.5,8.0,561.5,1.0639999999999998,2.0,2.0,298.0,0.2
"HIMACHAL
PRADESH",24.0,8.1,591.0,2.566,2.0,2.0,324.0,0.34
"HIMACHAL
PRADESH",24.0,7.8,564.0,0.9800000000000001,2.0,2.0,312.5,0.2
"HIMACHAL
PRADESH",19.0,7.0,534.0,0.3,5.1,14.3,354.5,0.2
HIMACHAL PRADESH,16.0,7.15,328.5,0.44,11.8,11.8,225.0,0.2
"HIMACHAL
PRADESH",24.0,7.45,663.5,1.28,2.0,2.0,405.0,0.45
"HIMACHAL
PRADESH",22.75,7.05,644.5,0.38,2.0,33.0,437.5,0.2
HIMACHAL PRADESH,23.0,8.2,981.0,3.752,2.0,2.0,512.0,0.76
"HIMACHAL
PRADESH",24.0,7.9,660.0,0.6319999999999999,2.0,2.0,342.0,0.5599999999999999
HIMACHAL PRADESH,23.0,7.8,422.5,0.46,2.0,2.0,257.0,0.2
HIMACHAL PRADESH,15.5,7.9,502.0,1.8960000000000001,2.0,2.0,304.5,0.2
"HIMACHAL
PRADESH",11.5,7.6,6569.5,3.8,1600.0,1600.0,393.0,0.6
HIMACHAL PRADESH,19.0,8.25,565.5,2.6159999999999997,2.0,2.0,235.0,0.2
"HIMACHAL
PRADESH",25.25,7.55,592.5,0.38,2.0,25.0,398.0,0.2
"HIMACHAL
PRADESH",25.0,7.3,463.0,0.32,2.0,31.0,326.0,0.2
HIMACHAL PRADESH,19.0,7.45,684.5,2.5,2.0,2.0,464.0,0.2
"HIMACHAL
PRADESH",12.5,7.25,575.5,0.3,10.4,10.4,365.5,0.2
"HIMACHAL
PRADESH",18.0,7.45,185.5,0.38,8.6,32.2,121.5,0.2
HIMACHAL PRADESH,22.0,7.4,362.0,0.34,2.0,31.0,226.0,0.2
"HIMACHAL
PRADESH",23.630000000000003,7.6,514.5,0.3,6.9,19.7,339.0,0.2
"HIMACHAL
PRADESH",19.0,7.0,586.5,0.3,2.0,2.0,385.5,0.2
"HIMACHAL
PRADESH",25.5,6.9,580.0,2.2,2.0,2.0,354.0,0.8
"HIMACHAL
PRADESH",9.0,7.7,305.0,0.3,2.0,2.0,216.0,0.5
"HIMACHAL
PRADESH",22.0,7.7,424.0,0.5,2.0,2.0,282.5,0.2
"HIMACHAL
PRADESH",26.560000000000002,7.3,483.5,0.3,2.0,17.0,316.0,0.2
HIMACHAL PRADESH,25.9,7.25,693.0,1.2,2.0,2.0,427.0,0.7
"HIMACHAL
PRADESH",25.44,7.8,2391.0,1.0,4.1,11.0,120.0,0.3
HIMACHAL PRADESH,25.1,7.65,313.0,0.64,4.0,6.2,205.0,0.2
HIMACHAL PRADESH,21.0,7.3,342.0,0.52,2.0,2.0,232.0,0.2
"HIMACHAL
PRADESH",25.0,7.7,510.5,0.3,2.0,26.0,342.0,0.2
"HIMACHAL
PRADESH",13.5,6.75,369.0,0.32,10.4,20.1,244.5,0.2
HIMACHAL PRADESH,14.5,7.35,242.0,1.3,35.5,150.0,161.0,0.2
HIMACHAL PRADESH,16.0,7.25,367.5,0.4,2.0,24.5,246.5,0.2
HIMACHAL PRADESH,15.0,6.95,188.0,0.3,2.0,26.0,123.5,0.2
HIMACHAL PRADESH,19.0,6.8,186.0,0.3,2.0,26.0,125.0,0.2
"HIMACHAL
PRADESH",24.0,8.1,1150.0,0.526,2.0,2.0,544.0,0.43
"HIMACHAL
PRADESH",25.5,7.65,579.5,1.28,2.0,2.0,353.5,0.5
"HIMACHAL
PRADESH",23.5,7.4,617.5,0.98,2.0,2.0,372.0,0.55
"HIMACHAL
PRADESH",17.0,8.55,699.0,1.6280000000000001,2.0,2.0,401.0,0.2
"HIMACHAL
PRADESH",25.25,7.55,443.5,0.3,2.0,32.0,300.0,0.2
JAMMU & KASHMIR,24.0,8.0,340.0,0.9860000000000001,2.0,2.0,200.0,0.29000000000000004
"JAMMU &
KASHMIR",23.0,7.4,360.0,0.746,16.5,30.6,210.0,0.41
JAMMU & KASHMIR,24.0,7.7,348.0,0.806,2.0,2.0,204.0,0.33
JAMMU & KASHMIR,22.0,7.6,334.0,0.7780000000000001,2.0,2.0,196.0,0.31
"JAMMU &
KASHMIR",18.0,7.3,496.0,2.04,2.0,2.0,292.0,0.4
"JAMMU &
KASHMIR",23.0,7.9,420.0,1.008,2.0,2.0,248.0,0.36
"JAMMU &
KASHMIR",20.0,6.9,600.0,0.826,2.0,2.0,35.0,0.56
"JAMMU &
KASHMIR",24.0,7.5,340.0,0.9860000000000001,2.0,2.0,200.0,0.29000000000000004
"JAMMU &
KASHMIR",21.0,8.3,560.0,0.8220000000000001,2.0,2.0,326.0,0.24
"JAMMU &
KASHMIR",22.0,7.3,475.0,0.7699999999999999,163.9,163.9,280.0,0.35
JHARKHAND,25.5,7.8,250.0,1.246,3.8,7.6,220.0,0.30999999999999994
JHARKHAND,24.5,7.55,276.0,2.2559999999999993,2.0,2.0,280.0,4.619999999999999
KARNATAKA,27.5,7.0,158.5,5.77,466.0,940.0,134.0,0.15
KERALA,24.5,6.85,198.0,0.35,720.0,2042.0,117.0,0.2
KERALA,28.5,6.25,181.0,0.3,190.0,785.0,100.0,0.25
KERALA,27.5,5.15,68.5,0.3,59.5,325.0,43.5,0.2
KERALA,29.5,7.7,235.5,0.3,51.0,156.0,145.0,0.2
KERALA,29.5,5.95,122.0,1.53,43.0,80.0,70.0,0.2
KERALA,27.5,6.15,325.5,0.35,460.0,950.0,175.0,0.25
KERALA,29.0,6.35,182.5,0.45,355.0,775.0,106.0,0.2
KERALA,30.0,5.25,120.5,0.3,172.5,1629.0,67.5,0.25
KERALA,23.0,7.1,210.5,0.35,40.0,92.0,153.5,0.2
KERALA,29.5,5.75,324.5,0.3,5.0,210.0,177.5,0.25
KERALA,28.0,5.25,103.0,0.3,62.0,405.0,62.0,0.2
KERALA,27.5,5.35,67.5,0.3,20.5,71.0,46.0,0.2
KERALA,27.0,5.7,71.5,0.6,295.0,600.0,44.5,0.2
KERALA,27.5,7.35,772.5,1.14,280.0,600.0,477.0,0.4
KERALA,23.0,6.85,173.5,0.35,20.0,81.0,112.5,0.2
KERALA,22.0,6.65,180.0,0.35,35.0,105.0,117.0,0.2
KERALA,26.0,5.0,246.0,0.55,2.0,2.0,148.0,0.6
KERALA,23.0,6.95,366.5,0.55,74.5,145.0,212.0,0.6
KERALA,22.5,7.4,238.0,0.56,32.5,77.0,140.0,0.35
KERALA,29.5,6.4,92.5,0.45,855.0,1045.0,52.5,0.2
KERALA,26.0,7.0,235.5,0.3,255.0,720.0,138.0,0.2
KERALA,24.0,5.55,210.0,0.55,490.0,920.0,125.0,0.25
KERALA,26.0,6.55,160.5,0.3,100.0,355.0,94.5,0.2
KERALA,28.0,6.85,163.5,0.3,34.5,245.0,100.0,0.2
KERALA,28.0,6.3,276.0,0.3,32.5,235.0,159.0,0.25
KERALA,23.5,6.3,148.0,0.4,20.5,87.0,102.5,0.2
KERALA,26.5,5.2,227.0,0.3,200.0,840.0,143.5,0.2
KERALA,28.0,5.45,254.0,0.3,30.0,195.0,148.0,0.2
KERALA,29.5,7.7,184.0,0.3,201.0,400.0,111.0,0.65
KERALA,28.0,6.4,124.5,0.95,500.0,945.0,76.0,0.2
KERALA,26.0,6.05,247.0,0.3,550.0,1125.0,149.0,0.2
KERALA,29.0,5.85,99.5,2.6,80.0,190.0,59.0,0.2
KERALA,29.5,7.0,499.5,0.42,290.0,995.0,272.5,0.3
KERALA,27.0,7.05,458.5,0.3,40.0,250.0,288.0,0.25
LAKSHADWEEP,28.5,7.3,714.0,4.593999999999999,3.4,6.5,478.0,0.51
LAKSHADWEEP,29.3,7.1,877.0,4.756000000000001,3.3,21.3,588.0,0.36
LAKSHADWEEP,29.45,6.85,974.0,0.8859999999999999,12.4,15.6,633.5,0.43
LAKSHADWEEP,30.5,6.8,1379.5,1.1320000000000001,7.2,7.6,897.0,0.47000000000000003
LAKSHADWEEP,29.0,7.2,937.0,1.342,14.8,42.0,628.0,0.38
LAKSHADWEEP,30.4,7.3,1356.0,1.486,11.4,15.9,881.5,0.39
LAKSHADWEEP,29.05,7.5,781.0,1.6800000000000002,6.8,7.5,523.5,0.4600000000000001
LAKSHADWEEP,29.55,7.25,1097.0,1.9460000000000002,6.9,22.1,735.0,0.5700000000000001
LAKSHADWEEP,30.65,6.8,675.0,1.6300000000000001,6.2,6.2,439.0,0.4600000000000001
LAKSHADWEEP,29.0,7.2,861.0,4.198,2.7,74.0,577.0,0.47000000000000003
LAKSHADWEEP,27.0,7.4,802.0,1.1019999999999999,11.8,12.9,537.0,0.43
LAKSHADWEEP,29.6,7.35,1089.0,5.8,2.7,17.9,708.0,0.6300000000000001
LAKSHADWEEP,28.8,7.2,715.0,4.593999999999999,3.2,4.0,479.0,0.51
LAKSHADWEEP,29.9,7.5,1126.5,2.492,7.1,41.0,754.5,0.53
LAKSHADWEEP,30.4,6.6,860.0,4.65,2.0,57.6,559.0,0.36
LAKSHADWEEP,30.65,7.5,1613.5,2.664,6.4,9.5,1049.0,0.32
LAKSHADWEEP,29.9,7.1,609.5,0.6779999999999999,2.0,6.6,396.5,0.49000000000000005
LAKSHADWEEP,29.7,7.2,2595.0,0.58,2.0,6.5,685.0,0.43999999999999995
LAKSHADWEEP,30.55,6.45,860.0,4.65,2.0,57.6,559.5,0.36
LAKSHADWEEP,30.1,7.45,1043.5,1.1560000000000001,4.2,24.4,678.0,0.39
LAKSHADWEEP,30.0,7.25,1514.5,4.192,2.0,4.6,894.5,0.42000000000000004
LAKSHADWEEP,29.4,7.4,1037.5,0.572,4.2,24.4,674.5,0.39
LAKSHADWEEP,28.8,7.2,621.0,1.43,7.3,8.2,416.0,0.6
LAKSHADWEEP,28.3,7.3,480.0,1.8880000000000003,6.2,9.2,322.0,0.33999999999999997
LAKSHADWEEP,29.6,7.0,5220.0,2.27,50.9,96.9,3393.0,0.89
LAKSHADWEEP,29.6,6.85,2640.5,0.3,2.0,2.0,1750.5,0.8300000000000001
LAKSHADWEEP,29.95,7.4,868.0,4.198,3.3,21.3,581.5,0.47000000000000003
LAKSHADWEEP,29.5,7.0,950.5,4.056,16.5,33.7,618.0,0.27
LAKSHADWEEP,29.55,7.3,1975.0,5.954000000000001,19.5,39.4,1284.0,0.5800000000000001
LAKSHADWEEP,30.0,7.2,606.0,0.776,2.0,2.0,206.0,0.5599999999999999
LAKSHADWEEP,27.8,7.3,563.0,0.7899999999999999,10.4,10.4,377.0,0.25
LAKSHADWEEP,28.7,7.4,373.0,0.586,12.4,30.2,250.0,0.27999999999999997
LAKSHADWEEP,29.9,7.4,1136.0,3.044,7.1,41.0,759.5,0.54
LAKSHADWEEP,30.45,6.9,1913.5,5.266,12.1,25.7,1243.5,0.6900000000000001
LAKSHADWEEP,29.7,7.6,1865.5,2.0260000000000002,5.7,29.9,1249.5,0.49000000000000005
LAKSHADWEEP,29.0,7.1,990.0,0.642,6.0,22.4,1348.4,0.45
LAKSHADWEEP,27.3,7.2,876.0,4.71,2.0,2.0,240.0,0.39
LAKSHADWEEP,29.9,7.6,1217.5,3.086,5.9,35.0,816.0,0.47000000000000003
LAKSHADWEEP,27.2,7.2,935.0,1.342,14.8,42.0,626.0,0.38
LAKSHADWEEP,28.1,7.2,663.0,1.0219999999999998,7.1,14.1,444.0,0.41
LAKSHADWEEP,29.2,6.85,1121.5,2.116,8.5,43.6,729.0,0.51
LAKSHADWEEP,29.2,7.4,671.5,1.0219999999999998,6.5,6.9,450.0,0.5
MADHYA PRADESH,21.5,7.7,568.5,1.28,2.0,3.0,425.0,0.7
MADHYA PRADESH,21.8,7.3,498.0,0.4,2.0,10.0,476.0,0.2
MADHYA PRADESH,28.4,7.3,526.0,2.4,16.9,77.6,377.0,0.36
MADHYA PRADESH,21.2,7.3,418.0,0.3,2.0,14.0,308.0,0.2
MADHYA PRADESH,21.0,7.35,616.5,0.35,2.0,17.0,572.0,0.2
MADHYA PRADESH,21.3,7.3,438.0,0.6,2.0,13.0,365.0,0.2
MADHYA PRADESH,21.3,7.3,394.5,0.45,2.0,15.0,294.0,0.2
MADHYA PRADESH,28.65,7.3,523.5,3.05,2.0,2.0,424.0,0.27999999999999997
,25.998928571428568,7.274838411819021,1407.0221579961465,2.404896480331263,68.59203980099502,107.90382244143034,922.0459710743802,0.4956299659477866
MADHYA PRADESH,26.6,7.3,413.0,3.9,50.8,226.6,385.0,0.31
MADHYA PRADESH,28.6,7.4,536.5,2.2,13.2,71.6,398.0,0.22999999999999998
MADHYA PRADESH,26.5,7.6,448.0,4.1,94.1,100.3,330.0,0.25
MADHYA PRADESH,28.25,7.45,285.0,2.05,2.0,2.0,233.0,4.54
MADHYA PRADESH,27.4,7.3,526.0,2.4,16.9,77.6,367.0,0.36
MADHYA PRADESH,26.0,7.5,1500.0,1.8,2.0,11.0,960.0,0.6
MADHYA PRADESH,24.0,7.9,1625.0,0.8,2.0,12.0,998.0,0.25
MADHYA PRADESH,28.25,7.55,429.0,3.3,7005.7,7019.6,297.5,0.22000000000000003
MADHYA PRADESH,21.0,7.9,747.0,0.3,2.0,4.0,628.5,0.2
MADHYA PRADESH,21.6,7.3,420.0,0.3,2.0,14.0,368.0,0.2
MADHYA PRADESH,26.0,7.1,1376.5,5.95,66.0,220.0,1035.0,0.3
MADHYA PRADESH,27.5,7.75,723.0,1.3,3.0,15.0,450.0,0.2
MADHYA PRADESH,23.5,7.35,2253.0,20.51,2.0,23.5,411.0,0.2
MADHYA PRADESH,26.0,7.4,840.5,3.02,2.0,280.0,548.0,0.45
MADHYA PRADESH,24.0,7.05,1124.0,7.68,2.0,22.0,822.0,0.25
MADHYA PRADESH,28.0,7.4,1178.0,15.09,2.0,24.0,765.0,0.42000000000000004
MADHYA PRADESH,26.0,7.9,386.0,0.3,2.0,14.0,248.0,0.31
MADHYA PRADESH,27.5,7.5,794.0,6.76,46.0,210.0,574.0,0.2
MADHYA PRADESH,25.0,7.2,1033.0,12.04,2.0,9.7,605.0,0.2
MADHYA PRADESH,28.5,7.45,541.5,8.53,58.0,350.0,380.0,0.2
MADHYA PRADESH,22.5,7.85,2791.5,2.45,2.0,3.0,386.0,0.7
MADHYA PRADESH,22.0,7.35,2352.0,2.97,2.0,4.0,1459.0,0.7
MADHYA PRADESH,22.0,7.65,896.0,3.09,2.0,4.0,546.5,0.85
MADHYA PRADESH,28.5,7.7,757.5,1.3,3.0,15.0,458.5,0.2
MADHYA PRADESH,27.45,7.15,1398.5,3.4,2.0,8.0,1337.0,0.45
MADHYA PRADESH,26.0,7.05,1005.5,3.5,2.0,6.0,789.5,0.36
MADHYA PRADESH,21.2,7.35,368.0,0.5,2.0,17.0,381.5,0.2
MADHYA PRADESH,21.2,7.35,282.0,0.4,2.0,13.0,341.5,0.2
MADHYA PRADESH,29.5,7.7,692.0,1.3,3.0,14.5,482.5,0.2
MADHYA PRADESH,26.0,7.6,2577.0,4.94,4.0,7.6,1908.0,0.4800000000000001
MADHYA PRADESH,22.5,7.0,1443.5,3.32,2.0,6.5,835.0,0.9
MADHYA PRADESH,27.9,8.05,540.0,0.74,2.0,2.0,391.5,0.27
MADHYA PRADESH,28.25,8.05,549.5,0.76,2.0,2.0,411.5,0.36
MADHYA PRADESH,25.5,7.3,5341.0,10.9,7.3,14.8,4266.0,1.03
MADHYA PRADESH,24.0,7.3,1861.0,8.2,19.5,37.7,1302.0,0.6599999999999999
MADHYA PRADESH,28.72,7.75,2721.0,5.41,2.0,22.0,1973.0,0.2
MADHYA PRADESH,27.0,7.6,816.5,9.93,48.0,230.0,609.0,0.2
MADHYA PRADESH,21.0,7.55,511.5,0.8,2.0,11.0,458.0,0.2
MADHYA PRADESH,22.3,7.45,428.0,0.45,2.0,14.0,397.0,0.2
MADHYA PRADESH,26.0,7.5,1692.5,4.7,3.5,16.3,1335.0,0.6199999999999999
MADHYA PRADESH,25.5,7.5,610.0,0.62,2.0,29.0,371.0,0.7
MADHYA PRADESH,25.0,7.35,3179.0,6.15,2.6,19.3,2230.0,0.6399999999999999
MADHYA PRADESH,21.5,7.5,2342.0,4.53,2.0,7.0,1438.0,0.75
MADHYA PRADESH,21.5,7.65,2766.5,2.98,2.0,9.0,1728.0,0.9
MADHYA PRADESH,21.5,7.6,1294.5,2.26,2.0,4.0,859.5,0.7
MADHYA PRADESH,22.0,7.8,1555.0,3.17,2.0,6.0,933.0,0.8
MAHARASHTRA,26.0,7.95,874.5,0.47,8.0,140.0,797.5,0.25
MAHARASHTRA,22.5,7.2,1625.5,7.7,6.0,58.0,1254.5,0.2
MAHARASHTRA,23.0,7.65,3538.5,9.9,40.0,412.5,3275.0,0.2
MAHARASHTRA,22.0,7.45,879.5,6.53,6.0,63.0,698.0,0.2
MAHARASHTRA,27.1,7.3,1395.0,1.75,18.8,55.9,1024.0,1.0
MAHARASHTRA,21.0,7.1,999.0,6.5,22.0,100.0,782.0,0.2
MAHARASHTRA,28.0,7.7,781.5,5.17,2.6,3.3,554.0,0.25
MAHARASHTRA,28.0,7.75,1415.5,2.96,18.1,53.4,970.0,0.35
,25.998928571428568,7.274838411819021,1407.0221579961465,2.404896480331263,68.59203980099502,107.90382244143034,922.0459710743802,0.4956299659477866
MAHARASHTRA,24.0,7.75,2913.0,9.98,77.5,625.0,2411.0,0.2
MAHARASHTRA,29.0,7.55,2737.5,2.88,2.7,9.1,1989.0,0.65
MAHARASHTRA,24.5,7.7,1358.0,9.6,23.5,235.0,1169.0,0.2
MAHARASHTRA,28.6,8.0,748.0,0.3,17.0,120.0,599.0,0.2
MAHARASHTRA,26.4,8.2,913.0,1.044,14.0,140.0,738.0,0.23000000000000004
MAHARASHTRA,21.5,7.35,889.0,7.15,4.0,49.0,666.5,0.2
MAHARASHTRA,29.0,7.9,1915.0,0.3,23.0,44.5,1412.0,0.7
MAHARASHTRA,24.0,7.4,1046.0,4.86,4.0,11.0,714.0,0.2
MAHARASHTRA,42.0,8.15,811.0,0.65,9.5,106.0,712.0,0.3
MAHARASHTRA,19.0,7.9,741.5,1.45,6.5,71.0,617.0,0.25
MAHARASHTRA,26.0,6.85,87.0,0.4,4.0,12.5,68.5,0.35
MAHARASHTRA,27.0,6.7,340.5,0.55,5.0,16.0,241.0,0.3
,25.998928571428568,7.274838411819021,1407.0221579961465,2.404896480331263,68.59203980099502,107.90382244143034,922.0459710743802,0.4956299659477866
MAHARASHTRA,27.0,6.75,483.5,0.4,5.0,15.0,337.5,0.3
MAHARASHTRA,26.0,6.6,283.0,1.38,4.5,15.0,198.0,0.25
MAHARASHTRA,21.0,7.3,1510.0,7.0,22.0,120.0,1189.0,0.2
MAHARASHTRA,28.25,7.65,3830.0,10.86,27.5,587.5,3458.0,0.25
MAHARASHTRA,24.5,7.95,778.5,5.48,15.5,492.5,666.0,0.2
MAHARASHTRA,33.0,7.4,5222.0,1.84,9.0,53.0,681.5,0.5
MAHARASHTRA,18.5,7.8,1064.0,1.75,11.5,76.0,884.5,0.25
MAHARASHTRA,33.0,7.75,1845.5,1.1,21.5,171.5,1657.5,1.15
MAHARASHTRA,28.0,7.8,1543.0,2.58,26.7,132.0,1060.0,0.3
MAHARASHTRA,24.0,8.05,725.0,1.55,3.0,36.0,595.5,1.15
MAHARASHTRA,29.4,8.0,714.0,0.3,12.0,94.0,571.0,0.2
MAHARASHTRA,28.0,7.7,1334.0,2.72,11.7,12.8,869.0,0.3
MAHARASHTRA,28.5,7.95,99.0,0.37,14.0,66.5,89.0,0.2
MAHARASHTRA,26.0,7.5,550.0,4.62,13.0,490.0,466.0,0.2
MAHARASHTRA,21.0,6.9,970.0,2.7,26.0,150.0,761.0,0.2
MAHARASHTRA,28.0,7.7,1587.0,5.27,26.2,133.0,1062.0,0.4
MAHARASHTRA,26.7,7.3,1745.0,3.75,4.0,8.1,1238.0,1.1
MAHARASHTRA,16.0,8.0,826.0,0.3,20.0,220.0,668.0,0.2
MAHARASHTRA,23.0,6.2,4448.0,13.59,6.0,24.0,3036.0,0.2
MAHARASHTRA,23.0,7.1,4363.0,13.59,6.0,17.0,3872.0,0.2
MAHARASHTRA,33.0,8.15,695.0,0.82,11.5,86.0,602.5,0.3
MAHARASHTRA,32.0,8.15,687.5,1.2,8.0,86.0,565.5,0.4
MANIPUR,24.0,6.8,742.0,0.688,2.0,2.0,405.0,0.52
MANIPUR,25.0,6.8,121.0,0.906,2.0,2.0,120.0,0.38
MANIPUR,24.0,6.9,609.0,0.7300000000000001,2.0,2.0,291.0,0.55
MANIPUR,23.0,6.4,705.0,5.767999999999999,2.0,6.6,406.0,0.57
MANIPUR,25.0,6.9,493.0,2.176,2.0,2.0,250.0,0.48
MANIPUR,26.0,6.8,672.0,0.908,2.0,2.5,374.0,0.63
MANIPUR,27.0,7.2,582.0,2.5119999999999996,2.0,2.0,345.0,0.4600000000000001
MEGHALAYA,17.05,6.75,194.0,0.56,2.0,2.0,133.5,0.2
MEGHALAYA,17.55,5.25,131.0,0.32,2.0,2.0,90.0,0.2
MEGHALAYA,17.2,5.75,87.5,0.55,2.0,2.0,60.5,0.2
MEGHALAYA,20.5,6.8,92.0,9.0,2.0,19.0,68.5,0.2
MEGHALAYA,21.5,5.65,61.0,0.3,2.0,5.5,42.0,0.2
MEGHALAYA,21.5,6.6,146.5,4.45,12.0,112.0,101.5,0.2
MEGHALAYA,17.0,6.55,158.5,0.59,2.0,556.0,111.0,0.2
MEGHALAYA,43.5,9.2,313.5,0.74,2.0,2.0,214.5,0.2
MEGHALAYA,22.0,6.0,272.0,10.85,2.0,2.0,188.0,0.2
MEGHALAYA,18.55,6.65,53.0,0.3,2.0,7.5,36.0,0.2
MEGHALAYA,21.5,6.15,242.0,6.55,3.0,35.0,167.0,0.2
MEGHALAYA,16.0,5.6,141.0,6.25,2.0,2.0,97.0,0.2
MEGHALAYA,17.5,5.55,110.0,4.2,2.0,2.0,75.5,0.2
MIZORAM,23.5,6.7,436.5,0.372,7005.7,7019.4,528.4,0.21000000000000002
MIZORAM,24.0,5.9,432.0,0.44800000000000006,7001.6,7006.2,524.2,0.25
MIZORAM,23.0,6.5,167.5,0.4640000000000001,12.1,66.4,474.6,1.26
MIZORAM,19.5,6.7,226.0,0.426,45.8,173.8,545.0,0.24
MIZORAM,21.5,6.75,347.0,0.3999999999999999,2.0,2.0,568.6,0.25
MIZORAM,21.0,7.2,152.0,0.46399999999999997,7.7,151.8,504.2,1.0
MIZORAM,25.5,7.5,572.5,0.43599999999999994,6.2,6.4,1118.0,0.26
MIZORAM,17.5,7.3,270.0,0.57,6.2,6.2,1034.2,0.27999999999999997
MIZORAM,20.5,6.0,287.0,0.42200000000000004,2.0,4.2,547.8,4.5600000000000005
MIZORAM,25.0,6.5,246.5,0.44800000000000006,112.5,229.7,474.6,0.3
MIZORAM,20.5,6.6,335.0,0.4,2.0,2.0,568.6,0.32
MIZORAM,22.0,6.6,464.0,0.4,263.6,311.8,568.6,0.32999999999999996
MIZORAM,23.5,6.85,197.0,0.40199999999999997,145.6,410.0,623.4,0.33
MIZORAM,15.0,6.85,231.0,0.418,16.5,25.4,557.2,0.29
MIZORAM,21.5,6.3,104.0,0.46399999999999997,2.0,2.0,474.6,0.2
MIZORAM,22.0,6.55,468.5,0.46399999999999997,2.0,7.8,474.6,0.38
MIZORAM,22.5,6.5,474.5,0.44800000000000006,2.6,4.6,474.6,0.38
MIZORAM,24.0,6.8,254.5,0.426,7.6,40.6,545.0,0.25999999999999995
MIZORAM,17.5,7.0,96.5,0.32,2.0,5.4,496.2,0.21999999999999997
MIZORAM,24.0,6.9,102.0,0.45599999999999996,2.0,2.0,558.2,0.2
MIZORAM,22.0,6.4,555.0,0.422,101.8,799.2,547.8,0.3
MIZORAM,20.0,7.25,362.0,0.8099999999999999,20.7,48.8,940.0,0.42000000000000004
MIZORAM,20.0,7.3,139.0,0.6199999999999999,4.0,24.0,962.6,0.9400000000000001
MIZORAM,19.5,6.8,296.0,0.40199999999999997,10.4,10.4,577.4,4.51
MIZORAM,19.5,7.0,292.5,0.466,10.4,10.4,571.0,4.51
NAGALAND,27.55,7.25,245.5,0.8,2.9,5.1,125.5,0.2
NAGALAND,23.4,6.5,240.0,0.95,58.7,160.6,133.5,0.2
NAGALAND,20.05,6.3,728.5,1.6,2.0,2.0,121.0,0.2
NAGALAND,28.05,6.75,233.0,1.45,14.6,14.6,158.0,0.2
NAGALAND,27.65,7.55,401.5,1.8,50.8,221.8,184.0,0.2
NAGALAND,27.15,3.6,176.0,2.6,39.6,158.6,84.0,0.2
NAGALAND,29.45,6.25,249.5,1.75,2.9,5.1,129.0,0.2
NAGALAND,28.95,6.5,828.0,15.0,2.0,11.7,410.0,0.2
NAGALAND,29.05,7.0,1037.5,1.55,2.0,2.0,251.5,0.2
NAGALAND,27.3,5.75,204.0,1.8,145.6,410.0,113.5,0.2
ODISHA,23.5,7.15,954.5,16.25,2.0,2.0,593.2,0.25
ODISHA,21.0,6.95,473.0,0.5,2.0,2.0,613.2,0.2
ODISHA,29.0,6.65,143.5,1.3,2.0,2.0,965.4,0.45
ODISHA,25.5,6.9,380.5,0.7,2.0,2.0,561.8,0.3
ODISHA,31.9,8.45,1280.5,0.65,2.0,2.0,1008.8,1.25
ODISHA,22.5,6.35,100.0,1.05,2.0,2.0,456.8,0.2
ODISHA,23.5,7.1,1074.0,7.15,2.0,2.0,614.4,0.35
ODISHA,27.5,5.9,273.5,5.8,2.0,2.0,196.7,0.65
ODISHA,26.0,6.95,219.5,0.85,2.0,2.0,967.0,0.2
ODISHA,28.5,6.2,149.5,0.75,2.0,2.0,418.6,0.5
ODISHA,28.5,6.65,180.5,4.95,2.0,2.0,552.0,0.75
ODISHA,29.0,7.75,180.5,2.2,2.0,2.0,921.2,0.75
ODISHA,28.0,5.95,208.5,0.95,2.0,2.0,418.6,0.25
ODISHA,25.5,6.7,391.5,1.65,246.0,1101.0,1109.2,0.5
ODISHA,24.5,7.4,359.5,0.45,2.0,2.0,656.8,0.55
ODISHA,24.0,7.0,144.0,0.8,2.0,2.0,967.0,3.9
ODISHA,25.5,6.7,248.0,2.4,6.5,17.5,921.2,0.2
ODISHA,25.5,6.85,169.0,0.45,2.0,2.0,535.0,0.2
ODISHA,24.0,7.0,451.5,0.8,2.0,2.0,967.0,0.3
ODISHA,25.0,7.5,679.5,0.85,2.0,2.0,1271.6,0.5
ODISHA,26.5,7.1,318.0,0.7,2.0,2.0,1012.8,0.6
ODISHA,20.0,6.65,219.5,1.1,2.0,2.0,959.4,0.2
ODISHA,20.5,7.0,733.5,0.9,2.0,2.0,967.0,0.45
ODISHA,24.5,7.25,328.5,0.35,2.0,2.0,624.4,0.35
ODISHA,32.0,7.85,778.0,0.35,2.0,2.0,898.8,0.5
ODISHA,28.0,7.6,1044.0,0.65,2.0,2.0,1064.4,0.2
ODISHA,28.5,6.25,102.0,0.4,2.0,2.0,547.8,0.4
ODISHA,24.0,6.75,316.0,0.8,2.0,2.0,527.2,0.3
ODISHA,30.0,6.7,805.0,1.3,2.0,2.0,962.2,0.7
ODISHA,24.0,7.2,500.5,6.25,2.0,2.0,483.5,0.5
ODISHA,29.5,6.95,458.5,1.15,2.0,2.0,1274.8,0.3
ODISHA,21.0,7.2,261.5,0.55,6.5,14.5,633.8,0.2
ODISHA,28.5,6.35,557.0,1.4,2.0,2.0,940.6,0.25
ODISHA,22.5,6.25,114.5,0.95,2.0,2.0,418.6,0.35
ODISHA,21.5,6.95,249.5,0.95,2.0,2.0,967.0,0.25
ODISHA,28.0,6.0,435.5,0.95,2.0,2.0,418.6,0.2
ODISHA,21.5,6.9,276.0,2.3,2.0,2.0,566.8,0.25
ODISHA,23.5,7.4,312.0,0.95,2.0,2.0,818.8,0.25
ODISHA,20.5,7.05,284.0,1.2,2.0,2.0,1274.8,0.3
ODISHA,28.5,5.7,545.0,0.7,2.0,2.0,474.6,0.2
ODISHA,25.5,6.95,161.5,0.7,2.0,2.0,561.8,5.5
ODISHA,23.5,7.75,612.5,0.45,2.0,2.0,1008.8,1.0
ODISHA,26.0,6.6,373.5,0.6,2.0,2.0,418.6,0.2
ODISHA,23.0,7.2,290.0,1.3,2.0,2.0,921.2,21.7
ODISHA,27.75,5.85,217.5,0.85,2.0,2.0,355.6,0.2
ODISHA,32.0,7.25,763.5,0.8,2.0,2.0,1245.2,0.65
ODISHA,23.0,7.65,1067.5,1.25,2.0,2.0,924.0,0.55
ODISHA,32.15,8.2,1111.0,0.5,2.0,2.0,1008.8,0.85
ODISHA,22.0,6.9,539.5,0.9,2.0,2.0,967.0,0.25
ODISHA,26.5,7.1,601.5,0.7,2.0,2.0,1012.8,0.2
ODISHA,23.5,7.55,590.0,1.25,2.0,2.0,924.0,0.55
ODISHA,30.0,7.0,881.0,18.6,2.0,2.0,497.6,0.2
ODISHA,24.5,7.3,626.0,1.5,2.0,2.0,921.2,0.5
ODISHA,25.0,7.45,632.0,1.0,2.0,2.0,776.6,0.25
ODISHA,30.5,7.4,883.5,2.45,2.0,2.0,921.2,0.55
ODISHA,26.5,7.5,1528.5,1.35,2.0,2.0,921.2,0.3
ODISHA,25.0,6.9,2113.5,1.15,2.0,2.0,1274.8,0.3
ODISHA,25.5,7.5,604.0,0.7,2.0,2.0,1141.8,0.4
ODISHA,28.0,7.5,1203.0,1.3,2.0,2.0,921.2,0.2
ODISHA,30.15,8.2,21231.5,0.3,2.0,2.0,963.4,0.55
ODISHA,30.5,7.8,747.5,0.85,2.0,2.0,1064.4,0.9
ODISHA,24.5,7.2,402.5,0.85,2.0,2.0,931.4,0.2
ODISHA,25.5,7.3,485.0,1.0,2.0,2.0,1274.8,0.3
ODISHA,25.5,6.7,302.0,1.45,2.0,2.0,1109.2,0.2
ODISHA,31.0,7.15,582.0,8.7,2.0,2.0,352.7,0.25
ODISHA,26.5,7.2,1940.0,16.5,2.0,3.5,567.7,0.35
ODISHA,29.0,8.0,1584.0,5.1,34.4,437.5,1012.6,0.2
ODISHA,23.5,7.2,711.5,21.0,2.0,2.0,424.3,0.85
ODISHA,30.0,6.95,697.5,6.15,2.0,2.0,552.6,0.65
ODISHA,30.0,7.1,486.0,1.15,2.0,2.0,1274.8,0.8
ODISHA,26.0,7.15,2063.0,0.6,12.5,25.5,610.6,0.35
ODISHA,25.5,7.45,1567.0,0.9,2.0,2.0,1316.6,0.25
ODISHA,27.0,7.25,611.5,1.0,2.0,2.0,1274.8,0.65
ODISHA,28.5,6.15,407.0,0.55,2.0,2.0,476.4,0.45
ODISHA,28.0,6.7,225.0,0.7,2.0,2.0,527.2,0.55
ODISHA,26.0,7.0,198.0,0.8,2.0,2.0,967.0,0.35
ODISHA,22.5,5.6,97.0,0.95,2.0,2.0,159.0,0.2
ODISHA,26.0,7.25,425.5,1.3,2.0,2.0,10.0,0.75
ODISHA,22.0,7.1,244.5,1.3,2.0,2.0,921.2,0.25
ODISHA,28.5,5.8,349.0,0.75,2.0,2.0,474.6,0.25
ODISHA,20.5,7.1,771.5,1.4,2.0,2.0,921.2,0.25
ODISHA,23.5,7.3,773.0,0.8,2.0,2.0,838.8,0.65
ODISHA,23.5,7.15,280.5,0.95,2.0,2.0,1274.8,0.2
ODISHA,21.5,6.8,903.0,1.0,2.0,2.0,967.0,0.25
ODISHA,24.5,6.85,322.5,0.55,2.0,2.0,535.0,0.4
ODISHA,23.0,5.95,130.0,1.1,2.0,2.0,418.6,0.5
ODISHA,21.5,7.2,295.0,1.25,2.0,2.0,921.2,0.25
ODISHA,20.0,6.5,491.0,1.45,2.0,2.0,1009.0,0.2
ODISHA,20.0,6.85,1290.5,0.85,2.0,2.0,980.2,0.2
PUDUCHERRY,30.0,7.35,1474.5,8.05,4.3,10.2,912.5,0.5599999999999999
PUDUCHERRY,32.5,6.75,586.0,0.3,2.0,6.6,411.0,0.32
PUDUCHERRY,30.0,7.4,1430.0,3.03,2.1,11.0,759.0,0.6599999999999999
PUDUCHERRY,30.0,7.0,1204.5,9.48,3.3,21.2,807.5,0.55
PUDUCHERRY,30.5,7.6,1429.0,3.24,17.1,53.8,981.5,0.63
PUDUCHERRY,32.5,6.85,479.5,0.3,2.0,2.0,270.5,0.33999999999999997
PUDUCHERRY,30.5,6.1,562.0,1.72,2.0,2.0,300.0,0.28
PUDUCHERRY,31.0,7.55,783.5,0.83,80.4,191.8,486.5,0.45999999999999996
PUDUCHERRY,30.5,7.6,1250.5,4.3,2.0,2.0,760.0,0.7699999999999999
PUDUCHERRY,31.0,6.6,677.5,3.6,6.2,6.2,430.0,0.51
PUDUCHERRY,31.0,7.0,2280.0,1.44,17.5,48.7,1463.0,0.71
PUDUCHERRY,32.0,6.4,755.0,4.5,2.0,2.0,562.0,0.5900000000000001
PUDUCHERRY,30.5,6.1,1065.0,7.26,2.0,9.7,584.0,0.5
PUDUCHERRY,31.0,6.85,721.0,4.28,4.0,20.4,548.0,0.6100000000000001
PUDUCHERRY,29.5,7.0,1828.0,1.07,10.6,37.0,1169.0,0.5199999999999999
PUDUCHERRY,28.0,5.3,289.0,0.3,6.7,8.8,190.0,4.63
PUDUCHERRY,29.0,5.0,83.0,0.3,2.0,2.0,51.0,0.2
PUDUCHERRY,27.9,8.25,1978.0,0.35,2.4,11.8,1080.5,0.47999999999999987
PUDUCHERRY,31.25,6.35,1818.0,0.3,6.4,30.1,1249.0,0.5700000000000001
PUDUCHERRY,32.0,7.75,1846.5,0.3,5.8,29.9,1251.0,0.5999999999999999
PUDUCHERRY,28.1,8.05,1510.0,0.45,2.0,9.1,834.5,0.39999999999999997
PUDUCHERRY,32.0,7.35,349.5,0.3,2.0,2.0,185.5,0.35000000000000003
PUNJAB,28.2,7.7,1221.5,0.3,2.0,2.0,743.0,0.3
PUNJAB,29.9,7.8,844.0,0.3,2.0,2.0,475.0,0.2
PUNJAB,27.3,8.3,2140.5,0.8,2.0,2.0,1196.5,0.85
PUNJAB,25.8,8.15,1528.0,0.75,2.0,2.0,946.0,0.8
PUNJAB,27.0,8.2,585.0,1.15,2.0,2.0,324.0,0.3
PUNJAB,28.03,7.55,1123.5,0.35,2.0,2.0,651.5,0.3
PUNJAB,35.0,7.4,1041.0,7.2,2.0,2.0,680.0,0.3
PUNJAB,35.0,7.5,510.0,1.2,2.0,2.0,281.0,0.6
PUNJAB,26.0,7.3,1860.0,11.0,2.0,2.0,1056.0,0.2
PUNJAB,24.9,7.7,917.5,0.45,2.0,2.0,538.5,0.2
PUNJAB,26.4,7.75,799.5,0.5,2.0,2.0,502.5,0.4
PUNJAB,25.4,7.7,1636.0,9.2,2.0,2.0,931.0,0.3
PUNJAB,27.0,7.55,452.0,0.75,2.0,2.0,260.0,0.2
PUNJAB,29.0,8.0,1392.0,2.4,2.0,2.0,697.0,0.4
PUNJAB,25.2,7.7,624.0,0.3,2.0,2.0,350.0,0.35
PUNJAB,24.0,7.35,474.0,0.85,2.0,2.0,270.5,0.2
PUNJAB,38.0,7.7,915.0,2.1,2.0,2.0,578.0,0.2
PUNJAB,38.0,7.6,2015.0,1.4,2.0,2.0,1502.0,0.9
PUNJAB,24.4,7.7,953.5,0.5,2.0,2.0,597.5,0.45
PUNJAB,27.29,7.7,975.0,0.55,2.0,2.0,619.5,0.5
PUNJAB,24.7,7.85,625.0,0.31,2.0,2.0,365.0,0.25
PUNJAB,27.9,7.55,804.5,0.5,2.0,2.0,496.5,0.4
PUNJAB,26.5,7.75,693.5,0.9,2.0,2.0,491.0,0.35
PUNJAB,25.5,7.8,493.0,0.3,2.0,2.0,314.0,0.2
PUNJAB,24.1,7.5,517.0,0.3,2.0,2.0,305.0,0.5
PUNJAB,26.6,7.8,570.0,0.3,2.0,2.0,335.0,0.3
PUNJAB,29.0,7.9,911.0,1.2,2.0,2.0,498.0,0.4
PUNJAB,28.830000000000002,7.3,1160.0,10.3,2.0,2.0,638.0,0.2
PUNJAB,25.9,7.65,1609.0,0.3,2.0,2.0,941.0,0.4
PUNJAB,26.4,7.95,1608.5,3.55,2.0,2.0,909.5,0.45
PUNJAB,26.5,8.1,1033.0,1.65,2.0,2.0,590.5,0.25
PUNJAB,24.2,7.75,888.5,0.75,2.0,2.0,535.5,0.25
PUNJAB,24.9,7.85,527.0,0.35,2.0,2.0,317.5,0.3
RAJASTHAN,30.0,7.5,2595.0,1.97,4.0,5.5,1761.0,0.45
RAJASTHAN,30.5,7.6,1249.5,2.92,78.5,135.0,868.0,0.6
RAJASTHAN,28.0,7.9,2985.0,7.7,10.5,17.0,2036.0,1.2
RAJASTHAN,28.5,7.5,1533.0,3.09,14.0,24.5,1055.0,0.75
RAJASTHAN,28.5,8.1,1017.5,2.74,276.5,670.0,704.5,0.6
RAJASTHAN,30.0,8.0,1559.5,2.7,3.0,6.5,1058.5,0.55
RAJASTHAN,30.0,7.75,1790.0,7.56,3.0,10.0,1254.5,0.55
RAJASTHAN,29.0,7.9,2265.0,8.28,78.5,225.0,1502.0,0.7
RAJASTHAN,27.5,7.55,1710.0,3.78,240.0,460.0,1160.0,0.5
RAJASTHAN,30.0,7.6,1124.0,3.26,2.0,3.0,775.0,0.4
RAJASTHAN,30.0,7.8,4800.0,3.16,2.0,4.0,3678.0,0.8
RAJASTHAN,28.0,7.65,2535.0,6.7,180.0,335.0,1695.0,0.8
RAJASTHAN,29.0,7.75,2225.0,4.42,3.0,5.5,1525.5,0.4
RAJASTHAN,26.0,7.5,4135.0,1.37,39.0,97.5,2794.0,0.4
RAJASTHAN,26.0,7.45,957.5,1.3,2.5,3.5,671.5,0.5
RAJASTHAN,26.0,7.85,26500.0,5.1,2.5,3.0,20254.0,0.4
RAJASTHAN,26.0,7.75,15950.0,3.86,3.5,5.5,11674.0,0.5
RAJASTHAN,25.5,7.4,2550.0,1.99,11.5,21.0,1717.0,0.95
RAJASTHAN,30.5,7.7,1935.0,8.25,51.5,97.5,1320.5,1.0
,25.998928571428568,7.274838411819021,1407.0221579961465,2.404896480331263,68.59203980099502,107.90382244143034,922.0459710743802,0.4956299659477866
RAJASTHAN,26.0,7.8,5800.0,3.62,6.5,15.0,4156.0,0.65
RAJASTHAN,28.0,7.8,1061.0,3.08,9.0,15.5,715.0,0.55
RAJASTHAN,28.0,7.65,3170.0,4.9,3.5,5.5,2104.0,0.95
RAJASTHAN,31.0,7.9,1135.0,2.82,4.0,9.0,831.0,0.8
RAJASTHAN,26.0,8.05,1900.0,3.75,4.0,8.0,1412.0,0.95
RAJASTHAN,26.0,8.0,5500.0,5.48,5.5,11.5,2033.0,1.25
RAJASTHAN,27.0,7.95,1702.5,2.74,5.5,10.0,1096.0,0.55
RAJASTHAN,18.0,7.9,1275.0,2.5,5.0,9.0,894.0,1.0
RAJASTHAN,18.5,7.85,1115.0,2.92,6.5,11.5,812.0,0.95
RAJASTHAN,26.0,7.9,2530.0,3.91,4.0,8.0,1718.5,0.9
RAJASTHAN,23.5,7.35,2535.0,2.36,15.0,25.5,1729.5,1.0
RAJASTHAN,28.0,7.55,1417.5,1.9,9.0,24.5,948.5,1.15
RAJASTHAN,27.0,7.75,8495.0,5.35,3.5,7.0,6018.0,1.35
RAJASTHAN,27.0,7.85,2550.0,2.45,5.5,9.0,1834.0,0.55
RAJASTHAN,27.0,8.1,642.5,2.23,3.5,5.5,442.0,0.9
RAJASTHAN,28.5,7.8,2119.0,1.88,11.5,17.5,1573.5,0.8
RAJASTHAN,27.5,8.0,1695.0,2.9,5.0,9.0,1156.0,0.65
RAJASTHAN,26.0,7.0,1260.5,1.68,5.5,12.5,889.5,0.75
RAJASTHAN,28.0,7.65,2325.0,4.46,3.0,4.0,1579.5,0.75
RAJASTHAN,25.0,7.15,1188.0,2.87,3.0,7.5,802.0,0.65
RAJASTHAN,26.0,7.6,2850.0,3.82,5.5,10.0,2060.0,0.5
RAJASTHAN,29.5,7.15,1011.5,1.26,8.0,18.5,733.0,0.45
RAJASTHAN,27.0,8.1,1040.0,2.08,5.0,7.5,745.0,0.7
RAJASTHAN,27.0,7.8,1188.0,4.9,5.5,14.5,817.5,0.9
RAJASTHAN,25.0,7.05,1756.0,2.65,4.0,8.0,1216.5,0.7
RAJASTHAN,29.0,7.5,1294.5,1.75,8.5,12.0,882.5,0.45
RAJASTHAN,27.0,8.05,1720.0,2.5,5.5,10.0,1192.0,1.0
RAJASTHAN,27.0,8.3,395.0,1.17,14.0,20.5,282.0,0.9
RAJASTHAN,26.0,7.2,1775.0,1.8,2.5,3.5,1233.5,0.9
RAJASTHAN,26.0,8.25,729.0,0.93,8.0,20.0,500.5,0.5
RAJASTHAN,28.0,7.85,1495.0,1.88,3.5,3.5,1028.0,0.65
RAJASTHAN,25.5,7.1,1225.0,2.15,7.0,14.0,882.0,0.8
RAJASTHAN,25.5,7.1,1773.5,2.52,5.0,9.0,1213.5,0.75
RAJASTHAN,26.0,7.8,5935.0,5.04,7.0,11.0,4087.0,1.25
RAJASTHAN,25.5,6.9,1283.0,1.43,3.5,9.0,876.5,0.75
RAJASTHAN,26.0,8.0,11000.0,4.34,69.5,120.0,8141.0,0.5
RAJASTHAN,26.0,7.5,2550.0,2.4,6.5,14.0,1775.5,0.95
RAJASTHAN,28.0,8.0,627.0,1.31,3.5,8.0,427.5,0.65
RAJASTHAN,27.0,7.45,2485.0,3.2,14.0,20.5,1703.0,0.75
RAJASTHAN,25.5,8.05,1110.0,3.46,3.5,6.5,843.0,0.8
RAJASTHAN,28.5,7.35,1254.0,2.11,2.5,3.5,867.0,0.85
RAJASTHAN,30.0,8.3,1360.0,1.8,9.0,20.0,1022.0,0.4
RAJASTHAN,30.0,7.2,3405.0,2.94,11.5,21.0,2294.0,0.6
RAJASTHAN,28.0,7.0,4180.0,1.79,14.0,24.5,2821.0,0.85
RAJASTHAN,29.5,7.25,3455.0,1.28,20.0,24.5,2413.0,0.7
RAJASTHAN,29.0,7.6,1940.0,3.64,39.0,69.5,1334.0,0.5
RAJASTHAN,29.5,7.5,1583.0,3.94,2.0,4.0,1095.0,0.55
RAJASTHAN,30.0,7.75,1457.5,4.02,6.5,11.5,978.5,0.45
RAJASTHAN,29.0,7.2,2690.0,2.36,150.0,210.0,1680.0,0.4
RAJASTHAN,21.8,8.3,4575.0,2.74,9.0,17.0,3152.0,1.15
,25.998928571428568,7.274838411819021,1407.0221579961465,2.404896480331263,68.59203980099502,107.90382244143034,922.0459710743802,0.4956299659477866
RAJASTHAN,22.75,7.8,7705.0,4.0,6.5,14.0,5398.0,1.1
RAJASTHAN,24.6,7.25,5175.0,2.82,4.0,10.0,3456.0,0.45
RAJASTHAN,22.95,8.2,3955.0,2.36,5.5,14.5,2706.0,1.15
RAJASTHAN,22.6,8.1,6600.0,4.16,49.0,92.0,4441.0,0.9
RAJASTHAN,22.5,8.2,503.5,1.6,5.5,10.0,347.0,0.6
RAJASTHAN,23.0,7.9,9175.0,3.68,4.5,11.5,6314.0,1.15
RAJASTHAN,22.1,7.75,4430.0,3.03,5.5,11.0,2934.0,1.15
RAJASTHAN,28.5,8.15,5150.0,6.46,240.0,460.0,3559.0,1.1
RAJASTHAN,27.0,7.7,4900.0,2.2,4.0,9.0,3788.0,0.9
RAJASTHAN,26.0,7.95,24000.0,3.78,14.0,24.0,17795.0,1.1
RAJASTHAN,25.0,8.05,1140.0,3.64,9.0,14.0,829.0,0.85
RAJASTHAN,29.5,7.4,2230.0,1.7,14.5,25.5,1562.5,1.0
RAJASTHAN,29.5,7.35,2360.0,2.18,9.0,24.5,1628.0,0.6
RAJASTHAN,26.0,7.65,2375.0,3.1,5.5,7.5,1651.0,1.0
RAJASTHAN,25.5,7.55,8900.0,3.9,6.5,14.0,6139.0,1.0
RAJASTHAN,28.0,7.8,2145.0,3.75,6.0,9.0,1483.5,0.9
RAJASTHAN,29.5,7.75,1561.5,1.56,112.5,625.0,1094.5,0.65
RAJASTHAN,29.5,7.5,1038.0,3.54,57.0,107.0,730.5,0.4
RAJASTHAN,24.0,7.7,5400.0,4.4,11.5,22.0,3938.0,1.05
RAJASTHAN,29.0,7.3,1267.0,1.02,7.0,17.5,878.0,0.6
RAJASTHAN,26.0,7.65,10000.0,5.75,2.5,3.5,7466.0,0.5
RAJASTHAN,25.5,8.0,20450.0,4.68,6.0,11.5,14646.0,1.25
RAJASTHAN,26.0,8.3,3650.0,3.82,10.5,20.5,2677.0,1.05
RAJASTHAN,25.5,7.45,13815.0,4.15,5.5,9.0,9647.0,0.9
RAJASTHAN,28.0,8.3,519.0,1.97,17.5,28.0,359.0,0.9
RAJASTHAN,22.3,7.85,12760.0,4.69,57.0,112.5,8733.0,1.1
RAJASTHAN,26.0,7.8,7100.0,3.1,4.0,10.0,5266.0,0.5
RAJASTHAN,26.0,7.85,21050.0,4.03,7.0,12.5,15106.5,1.15
RAJASTHAN,28.0,7.85,3480.0,5.1,8.5,12.0,2557.0,0.95
RAJASTHAN,27.5,7.8,813.0,1.81,9.0,14.5,556.5,0.7
RAJASTHAN,23.0,8.0,770.0,3.51,5.0,8.5,534.5,0.6
RAJASTHAN,25.5,7.9,6760.0,4.52,5.5,13.5,4608.0,1.15
RAJASTHAN,25.5,7.2,5460.0,3.3,2.5,9.0,3692.0,1.15
RAJASTHAN,26.0,7.4,10825.0,3.37,5.5,12.0,7527.0,1.0
RAJASTHAN,26.0,7.5,4890.0,2.81,6.5,10.5,3296.0,1.1
RAJASTHAN,26.25,7.2,13155.0,4.94,4.0,9.0,9474.0,1.2
RAJASTHAN,26.0,7.7,5855.0,3.6,9.0,17.0,4069.0,1.05
TAMIL NADU,29.0,7.35,241.5,0.3,6.5,24.0,147.0,0.2
TAMIL NADU,26.0,8.0,894.5,3.35,5.0,16.5,591.0,0.2
TAMIL NADU,36.0,6.7,1909.0,0.3,2.0,8.0,1212.0,0.9
TAMIL NADU,30.0,6.9,4165.0,0.3,2.0,5.0,2712.0,0.55
TAMIL NADU,28.5,7.4,760.5,0.36,2.0,26.5,484.0,0.35
TAMIL NADU,26.0,7.05,777.5,0.32,116.0,353.0,494.0,0.5
TAMIL NADU,28.0,8.4,320.0,0.3,2.0,5.0,198.0,0.2
TAMIL NADU,29.0,7.3,796.0,0.41,2.0,2.0,502.0,0.2
TAMIL NADU,31.0,6.7,199.0,0.3,21.0,63.0,144.0,0.8
TAMIL NADU,28.5,6.95,1810.5,0.3,26.5,33.5,1170.0,0.2
TAMIL NADU,30.0,7.5,766.0,1.74,2.0,2.0,466.0,0.2
TAMIL NADU,28.0,6.6,1864.5,0.3,18.5,44.0,1504.0,0.2
TAMIL NADU,28.0,7.15,763.5,0.3,3.0,8.0,494.0,0.2
TAMIL NADU,29.0,7.3,1684.0,0.3,2.0,4.0,1028.0,0.2
TAMIL NADU,29.0,7.75,253.5,0.3,2.0,3.0,155.0,0.2
TAMIL NADU,32.5,7.0,1563.5,0.3,11.5,27.5,1022.0,0.55
TAMIL NADU,31.0,6.8,378.0,0.3,33.0,110.0,252.0,0.5
TAMIL NADU,28.0,7.4,951.5,0.6,22.5,92.5,615.0,0.2
TELANGANA,28.0,7.4,7040.0,22.8,2.0,2.0,4435.0,1.5
TELANGANA,25.0,7.1,3490.0,22.5,4.3,8.9,2044.0,0.4
TELANGANA,29.5,7.85,1205.0,13.15,2.0,109.0,742.0,0.95
TELANGANA,25.0,7.15,2267.5,20.5,2.2,12.3,1274.5,0.4
TELANGANA,29.0,8.25,1107.5,1.35,2.0,2.0,669.5,0.9
TELANGANA,25.0,6.85,1208.0,14.5,2.0,23.4,706.5,0.4
TELANGANA,22.0,7.2,1514.5,10.0,2.0,9.0,880.5,0.45
TELANGANA,30.1,7.35,1412.0,2.45,2.0,2.0,906.0,0.6
TELANGANA,25.0,6.9,3516.5,25.5,4.3,8.9,2009.5,0.45
TELANGANA,22.0,7.1,1551.0,13.5,2.0,8.2,832.0,0.25
TELANGANA,21.0,7.2,2019.0,18.0,4.3,11.2,1182.5,0.35
TELANGANA,21.0,7.05,2550.0,22.5,641.6,844.6,1425.0,0.25
TELANGANA,30.0,8.7,1106.0,6.2,2.0,2.0,667.0,0.7
TELANGANA,21.0,7.3,3456.5,25.0,2.4,5.1,1952.5,0.25
TELANGANA,22.0,7.05,1702.5,12.5,6.2,6.6,1002.5,0.3
TELANGANA,25.0,6.55,1100.5,17.5,2.0,2.0,694.0,0.5
TELANGANA,21.0,7.15,1682.0,13.5,3.2,7.1,942.5,0.3
TELANGANA,21.0,7.3,1068.5,9.0,2.0,9.7,607.0,0.25
TELANGANA,22.0,7.05,1826.0,11.5,2.2,6.5,1072.0,0.35
TELANGANA,22.0,6.6,1449.0,9.5,2.1,10.1,810.5,0.45
TELANGANA,21.0,6.8,1198.0,7.0,2.0,23.4,684.5,0.45
TELANGANA,29.0,7.8,2708.0,10.8,2.0,2.0,1706.0,0.8
TELANGANA,29.7,8.35,1721.5,19.7,2.0,2.0,999.0,0.85
TELANGANA,25.0,7.05,2360.0,12.0,2.2,5.3,1381.0,0.25
TELANGANA,19.5,7.2,1497.5,8.5,2.0,9.1,853.0,0.3
TELANGANA,31.0,6.8,1050.0,6.5,2.0,9.7,596.0,0.3
TELANGANA,24.0,7.15,1869.5,19.5,2.2,6.8,1060.0,0.55
TELANGANA,29.0,7.9,1580.0,22.15,2.0,63.0,938.5,0.95
,25.998928571428568,7.274838411819021,1407.0221579961465,2.404896480331263,68.59203980099502,107.90382244143034,922.0459710743802,0.4956299659477866
TELANGANA,31.0,7.65,2120.5,15.0,2.0,30.5,1265.0,0.95
TELANGANA,32.0,7.25,2709.5,9.75,2.0,55.5,1663.0,1.2
TELANGANA,30.0,8.3,1043.5,14.65,2.0,40.5,590.5,1.1
TELANGANA,30.0,8.5,835.0,5.6,2.0,41.5,504.0,0.9
TELANGANA,32.0,7.6,2239.5,13.45,2.0,46.5,1210.5,0.85
TELANGANA,31.0,6.95,1986.0,18.5,2.2,6.2,1161.5,0.35
TELANGANA,29.5,6.75,2089.0,19.5,4.1,12.4,1244.0,0.45
TELANGANA,29.5,6.55,3717.5,25.0,2.6,8.8,2109.0,0.4
TELANGANA,25.0,7.0,896.5,11.0,2.0,2.4,543.0,0.5
TELANGANA,29.0,7.65,1474.0,12.1,2.0,33.0,823.5,0.7
TELANGANA,28.0,7.85,2184.5,29.9,2.0,42.0,1386.5,1.25
TELANGANA,30.0,8.05,1803.5,1.0,2.0,5.0,1001.0,1.1
TELANGANA,27.0,8.25,512.5,0.3,2.0,2.0,289.0,0.7
TELANGANA,23.5,7.05,1207.5,5.5,2.0,2.0,671.0,0.3
TELANGANA,28.0,7.95,924.0,13.7,2.0,33.5,591.0,0.6
TRIPURA,24.25,5.95,114.5,0.3,2.0,2.0,63.0,0.2
TRIPURA,24.0,5.75,111.0,0.3,2.0,2.0,63.0,0.2
TRIPURA,24.25,6.45,111.5,0.3,2.0,2.0,66.0,0.2
TRIPURA,25.75,6.05,522.0,0.3,2.0,2.0,61.0,0.2
TRIPURA,24.25,5.85,116.0,0.3,2.0,2.0,63.0,0.2
TRIPURA,24.5,5.6,107.0,0.3,2.0,2.0,58.0,0.2
TRIPURA,24.0,5.45,112.0,0.3,2.0,2.0,61.0,0.2
TRIPURA,23.5,5.5,95.5,0.3,2.0,2.0,54.0,0.2
TRIPURA,24.5,6.1,101.5,0.3,2.0,2.0,56.0,0.2
TRIPURA,24.25,5.5,90.5,0.3,2.0,2.0,48.0,0.2
TRIPURA,25.0,5.95,123.5,0.3,2.0,2.0,65.0,0.2
TRIPURA,24.25,5.3,92.5,0.3,2.0,2.0,54.0,0.2
TRIPURA,24.75,5.6,112.5,0.3,2.0,2.0,64.0,0.2
TRIPURA,24.5,5.7,94.0,0.3,2.0,2.0,56.0,0.2
TRIPURA,24.5,6.25,94.0,0.3,2.0,2.0,53.0,0.2
TRIPURA,24.5,5.5,116.0,0.3,2.0,2.0,65.0,0.2
TRIPURA,24.75,5.75,101.0,0.3,2.0,2.0,57.0,0.2
TRIPURA,24.25,6.65,95.5,0.3,2.0,2.0,53.0,0.2
TRIPURA,24.25,6.45,92.5,0.3,2.0,2.0,51.0,0.2
TRIPURA,25.0,5.3,96.0,0.3,2.0,2.0,52.0,0.2
TRIPURA,23.75,5.7,102.0,0.3,2.0,2.0,62.0,0.2
TRIPURA,23.5,5.5,95.0,0.3,2.0,2.0,53.0,0.2
TRIPURA,24.25,5.6,97.5,0.34,2.0,2.0,60.0,0.2
TRIPURA,24.75,5.35,110.5,0.3,2.0,2.0,60.0,0.2
TRIPURA,24.25,5.65,122.5,0.3,2.0,2.0,70.0,0.2
TRIPURA,24.75,5.7,125.0,0.3,2.0,2.0,66.0,0.2
TRIPURA,23.25,6.0,101.0,0.3,2.0,2.0,55.0,0.2
TRIPURA,24.75,6.15,84.0,0.3,2.0,2.0,48.0,0.2
TRIPURA,24.0,5.95,90.5,0.3,2.0,2.0,55.0,0.2
TRIPURA,24.5,5.65,118.5,0.3,2.0,2.0,67.0,0.2
TRIPURA,24.5,5.5,108.5,0.3,2.0,2.0,60.0,0.2
TRIPURA,23.75,5.8,99.5,0.3,2.0,2.0,54.0,0.2
TRIPURA,24.5,7.15,101.0,0.3,2.0,2.0,57.0,0.2
TRIPURA,24.0,6.1,113.5,0.3,2.0,2.0,63.0,0.2
TRIPURA,24.0,6.4,112.5,0.3,2.0,2.0,64.0,0.2
TRIPURA,23.5,5.75,111.0,0.3,2.0,2.0,62.0,0.2
TRIPURA,24.0,5.5,110.0,0.3,2.0,2.0,65.0,0.2
TRIPURA,24.5,5.45,103.0,0.3,2.0,2.0,61.0,0.2
TRIPURA,24.0,5.55,86.0,0.3,2.0,2.0,53.0,0.2
TRIPURA,24.0,6.2,109.5,0.3,2.0,2.0,62.0,0.2
TRIPURA,24.5,6.7,99.0,0.3,2.0,2.0,56.0,0.2
TRIPURA,24.5,5.25,100.0,0.3,2.0,2.0,55.0,0.2
TRIPURA,24.5,6.0,86.5,0.3,2.0,2.0,46.0,0.2
TRIPURA,24.5,5.75,93.0,0.3,2.0,2.0,52.0,0.2
TRIPURA,23.5,5.7,93.0,0.3,2.0,2.0,51.0,0.2
TRIPURA,24.25,6.05,110.0,0.3,2.0,2.0,53.0,0.2
TRIPURA,24.5,6.4,92.5,0.3,2.0,2.0,51.0,0.2
TRIPURA,24.5,6.7,97.0,0.3,2.0,2.0,54.0,0.2
TRIPURA,24.75,5.55,107.0,0.3,2.0,2.0,55.0,0.2
TRIPURA,24.5,6.25,78.0,0.3,2.0,2.0,46.0,0.2
TRIPURA,24.5,5.7,112.0,0.34,2.0,2.0,62.0,0.2
TRIPURA,24.5,5.85,96.5,0.3,2.0,2.0,56.0,0.2
TRIPURA,24.25,5.6,91.5,0.3,2.0,2.0,52.0,0.2
TRIPURA,24.5,6.1,111.5,0.3,2.0,2.0,62.0,0.2
TRIPURA,25.0,5.65,114.0,0.3,2.0,2.0,67.0,0.2
TRIPURA,25.0,5.85,104.5,0.3,2.0,2.0,65.0,0.2
UTTAR PRADESH,25.45,7.15,1951.5,1.1,2.0,2.0,197.5,0.35
UTTAR PRADESH,25.35,7.25,1207.5,0.88,2.0,2.0,257.0,0.4
UTTAR PRADESH,25.0,7.75,516.0,0.484,2.0,2.0,306.5,0.41
UTTAR PRADESH,24.5,7.8,549.0,0.776,2.0,2.0,319.0,0.21999999999999997
UTTAR PRADESH,25.25,7.75,489.0,1.02,2.0,2.0,291.0,0.4
UTTAR PRADESH,24.75,7.65,488.0,0.986,59.6,200.6,267.0,0.36
UTTAR PRADESH,21.5,7.3,710.0,0.3,2.0,2.0,357.5,0.2
UTTAR PRADESH,25.3,7.15,1140.0,0.9,2.0,2.0,238.5,0.4
UTTAR PRADESH,17.5,8.15,934.0,1.036,2.0,2.0,585.0,1.2
UTTAR PRADESH,18.0,8.0,919.5,3.816,2.0,2.0,715.0,0.7
UTTAR PRADESH,21.34,8.0,2600.0,1.05,641.6,844.6,1306.0,0.7400000000000001
UTTAR PRADESH,22.0,7.35,849.0,0.3,2.0,2.0,537.5,0.2
UTTAR PRADESH,26.93,7.3,694.0,0.6579999999999999,73.3,346.0,345.0,0.27
UTTAR PRADESH,17.5,8.0,776.0,0.9799999999999999,2.0,2.0,508.0,0.65
UTTAR PRADESH,23.0,7.5,948.0,3.7000000000000006,3.2,9.9,568.0,0.61
UTTAR PRADESH,24.0,7.45,445.0,0.3,2.0,32.5,265.0,0.25
UTTAR PRADESH,21.5,7.5,462.5,0.756,2.6,10.4,348.5,0.26
UTTAR PRADESH,21.5,7.2,1380.0,0.3,2.0,2.0,836.0,0.2
UTTAR PRADESH,22.5,7.1,2086.0,0.35,2.0,2.0,1192.0,0.2
UTTAR PRADESH,28.310000000000002,7.4,742.0,0.3,2.0,24.0,464.0,0.4
UTTAR PRADESH,28.2,7.4,186.0,1.7560000000000002,110.2,313.2,94.0,0.45
UTTAR PRADESH,19.0,7.85,861.0,4.198,2.0,2.0,582.0,0.75
UTTARAKHAND,18.0,7.9,420.0,2.6,2.0,2.0,260.0,0.2
UTTARAKHAND,20.0,7.9,640.5,1.95,2.0,2.0,406.0,0.3
UTTARAKHAND,30.0,7.2,320.0,0.3,11.8,11.8,218.0,0.5
UTTARAKHAND,27.5,7.45,332.0,0.6,11.8,11.8,222.0,0.5
UTTARAKHAND,25.5,7.4,360.0,0.3,17.5,37.4,221.5,0.5
UTTARAKHAND,24.5,7.3,362.0,0.6,7.2,18.2,235.5,0.5
UTTARAKHAND,28.0,7.35,299.0,0.3,10.4,10.4,187.5,0.8
UTTARAKHAND,28.0,7.5,286.5,0.3,6.7,8.8,193.5,0.8
UTTARAKHAND,20.5,8.1,573.0,3.0,2.0,2.0,357.5,0.2
UTTARAKHAND,20.0,7.5,286.0,0.3,2.0,2.0,183.0,0.2
UTTARAKHAND,27.5,7.3,328.0,0.3,2.0,2.0,182.0,0.4
UTTARAKHAND,27.5,7.15,318.0,0.3,11.8,11.8,209.5,0.6
UTTARAKHAND,19.0,6.4,199.5,0.3,2.0,2.0,125.5,0.5
UTTARAKHAND,19.5,6.65,239.5,0.3,2.0,2.0,156.5,0.4
UTTARAKHAND,20.0,7.25,578.0,1.2,2.0,2.0,599.0,0.2
UTTARAKHAND,20.0,7.55,534.5,2.05,2.0,2.0,334.5,0.2
UTTARAKHAND,25.5,7.35,473.5,0.3,2.0,2.0,243.0,0.6
UTTARAKHAND,25.5,7.15,469.5,0.3,2.0,2.0,240.0,0.7
UTTARAKHAND,27.0,7.9,274.0,0.3,2.0,2.0,169.5,0.4
WEST BENGAL,29.0,7.45,4203.0,0.75,2.0,5.0,3312.0,0.45
WEST BENGAL,30.5,7.85,425.5,0.4,2.0,2.0,243.0,0.75
WEST BENGAL,29.5,7.55,632.0,0.3,3.0,3.5,387.0,0.35
WEST BENGAL,29.5,7.35,1342.5,0.3,2.0,3.0,780.0,0.35
WEST BENGAL,29.5,7.4,429.0,0.39,2.0,2.0,347.0,0.4
WEST BENGAL,29.5,8.25,1730.5,0.3,8.0,9.5,917.0,0.35
WEST BENGAL,29.5,7.25,2483.5,0.3,2.0,2.0,1470.0,0.45
WEST BENGAL,30.0,7.6,554.5,0.3,2.0,2.0,279.0,0.55
WEST BENGAL,29.5,7.3,2578.5,0.3,2.0,7.5,2002.0,0.25
WEST BENGAL,27.5,7.5,5407.5,0.5,2.0,2.0,608.0,0.85
WEST BENGAL,29.5,7.1,1556.0,0.3,2.0,2.0,1181.0,0.3
WEST BENGAL,29.5,7.5,756.0,0.5,2.0,2.0,494.0,0.3
WEST BENGAL,31.0,7.35,668.0,0.3,2.0,5.0,313.0,0.7
WEST BENGAL,27.0,7.9,748.0,0.3,2.0,2.0,446.0,0.45
WEST BENGAL,28.5,7.2,695.5,0.45,2.0,2.0,368.0,0.7
WEST BENGAL,28.5,7.35,1266.5,0.69,2.0,2.0,775.0,0.8
WEST BENGAL,25.0,7.2,175.0,0.3,2.0,2.0,14.0,0.2
WEST BENGAL,29.0,7.6,815.0,0.37,2.0,2.0,452.0,0.65
WEST BENGAL,29.0,7.8,612.0,0.3,2.0,2.0,168.0,0.2
WEST BENGAL,31.0,7.55,663.5,0.3,2.0,4.5,352.0,0.85
WEST BENGAL,27.5,7.35,933.5,0.3,8.0,10.0,575.0,0.5
WEST BENGAL,29.0,8.0,1955.0,0.3,2.0,2.0,231.0,0.45
WEST BENGAL,28.0,7.75,652.5,0.4,2.0,2.0,490.0,0.45
WEST BENGAL,29.0,7.9,1248.0,0.3,2.0,2.0,624.0,0.8
WEST BENGAL,25.5,7.5,69.5,0.36,2.0,2.0,39.0,0.2
WEST BENGAL,30.0,6.9,217.0,0.3,2.0,2.0,136.0,0.4
WEST BENGAL,28.0,7.9,333.5,0.31,2.0,2.0,189.0,0.35
WEST BENGAL,28.0,7.45,2452.0,0.85,2.0,2.0,1715.0,0.35
WEST BENGAL,15.0,7.4,132.0,0.3,2.0,2.0,61.0,0.2
WEST BENGAL,27.5,7.45,815.0,0.4,2.0,2.0,552.0,0.35
WEST BENGAL,29.0,7.6,523.5,0.34,2.0,2.0,299.0,0.55
WEST BENGAL,28.5,7.2,1104.5,0.34,2.0,2.0,687.0,0.6
WEST BENGAL,26.0,7.7,194.0,0.3,2.0,2.0,92.0,0.3
WEST BENGAL,24.0,7.25,174.5,0.3,2.0,2.0,85.0,0.2
WEST BENGAL,26.5,7.6,234.5,0.41,2.0,2.0,140.0,0.2
WEST BENGAL,28.0,7.45,758.5,0.8,3.0,28.0,439.0,0.3
WEST BENGAL,64.0,9.1,505.0,0.3,2.0,2.0,351.0,13.6
WEST BENGAL,30.5,7.1,1312.0,0.3,2.0,22.5,909.0,0.35
WEST BENGAL,27.5,7.65,1189.5,0.3,2.0,2.0,724.0,0.3
WEST BENGAL,28.5,8.35,572.0,0.3,2.0,2.0,389.0,0.4
WEST BENGAL,29.0,7.65,381.5,0.38,2.0,2.0,234.0,0.65
WEST BENGAL,29.0,7.95,706.5,0.34,3.0,5.0,483.0,0.6
WEST BENGAL,27.5,7.65,2261.0,0.3,2.0,2.0,261.0,0.25
WEST BENGAL,28.5,7.3,1360.0,0.32,2.0,6.5,805.0,0.4
WEST BENGAL,29.0,7.75,3667.5,0.45,2.0,2.0,411.0,0.8
WEST BENGAL,30.0,7.75,1066.5,0.35,2.0,2.0,525.0,0.4
WEST BENGAL,30.0,7.3,1118.5,0.3,2.0,2.0,594.0,0.3
WEST BENGAL,29.0,7.8,1635.0,0.34,2.0,2.0,238.0,0.7
WEST BENGAL,27.5,7.85,960.0,0.3,2.0,2.0,656.0,0.95
WEST BENGAL,27.5,7.05,219.0,0.48,2.0,2.0,135.0,0.5
WEST BENGAL,26.0,7.75,754.0,0.3,2.0,2.0,419.0,0.35
WEST BENGAL,26.5,7.35,704.5,0.3,2.0,2.0,447.0,0.25
WEST BENGAL,28.5,7.55,504.5,0.3,2.0,5.5,486.0,0.55
WEST BENGAL,29.5,7.35,1582.5,0.3,6.0,18.5,1429.0,0.3
WEST BENGAL,30.0,7.3,1813.0,0.3,18.0,53.0,1198.0,0.25
WEST BENGAL,28.0,7.4,999.5,0.55,2.0,2.0,478.0,0.25
WEST BENGAL,30.5,8.05,403.5,0.3,2.0,2.0,204.0,0.6
